[{
  "_id": {
    "$oid": "66e471419281e41d2dedffdd"
  },
  "case_id": {
    "$oid": "65cdc989fa8c8fdbcefac01e"
  },
  "name": "job-d88e01c1-287a-4c2d-924a-3de1bb037050",
  "image": "busybox",
  "version": "1.36.1",
  "state": "Succeeded",
  "job_creation_date": {
    "$date": "2024-09-13T18:09:16.282Z"
  },
  "job_finalize_date": {
    "$date": "2024-09-13T18:11:17.030Z"
  },
  "creation_by": "Administrator",
  "creation_date": {
    "$date": "2024-09-13T17:07:13.626Z"
  },
  "updated_by": "Administrator",
  "updated_date": {
    "$date": "2024-09-13T18:09:17.031Z"
  }
},
{
  "_id": {
    "$oid": "66e7f1bc26441f36e8b07e85"
  },
  "case_id": {
    "$oid": "66e7f1a2cca6ec0705f71fbf"
  },
  "name": "job-87799053-3a2b-4952-b70c-b92841a47ec5",
  "image": "busybox",
  "version": "1.36.1",
  "state": "Succeeded",
  "job_creation_date": {
    "$date": "2024-09-16T08:54:14.703Z"
  },
  "job_finalize_date": {
    "$date": "2024-09-16T09:56:15.019Z"
  },
  "creation_by": "Administrator",
  "creation_date": {
    "$date": "2024-09-16T08:52:12.116Z"
  },
  "updated_by": "Administrator",
  "updated_date": {
    "$date": "2024-09-16T09:54:15.020Z"
  }
},
{
  "_id": {
    "$oid": "66e862d4ba6da8222d7f4e27"
  },
  "case_id": {
    "$oid": "66085488056b08fae55840e5"
  },
  "name": "job-88d33d81-f676-4048-800c-b93b4a7fe3a2",
  "image": "busybox",
  "version": "1.36.1",
  "state": "Succeeded",
  "job_creation_date": {
    "$date": "2024-09-16T18:32:46.525Z"
  },
  "job_finalize_date": {
    "$date": "2024-09-16T18:35:47.021Z"
  },
  "creation_by": "Administrator",
  "creation_date": {
    "$date": "2024-09-16T16:54:44.168Z"
  },
  "updated_by": "Administrator",
  "updated_date": {
    "$date": "2024-09-16T17:56:47.022Z"
  }
},
{
  "_id": {
    "$oid": "66e939a0ba6da8222d7f4e2d"
  },
  "case_id": {
    "$oid": "65cdc989fa8c8fdbcefac01e"
  },
  "name": "job-5fa88afa-754d-4073-9117-295f7bd0e749",
  "image": "busybox",
  "version": "1.36.1",
  "state": "Succeeded",
  "job_creation_date": {
    "$date": "2024-09-17T08:11:19.911Z"
  },
  "job_finalize_date": {
    "$date": "2024-09-17T09:13:15.011Z"
  },
  "creation_by": "Administrator",
  "creation_date": {
    "$date": "2024-09-17T08:11:12.366Z"
  },
  "updated_by": "Administrator",
  "updated_date": {
    "$date": "2024-09-17T09:13:15.011Z"
  }
},
{
  "_id": {
    "$oid": "66e93b35ba6da8222d7f4e2e"
  },
  "case_id": {
    "$oid": "6661f0144ae857299432f447"
  },
  "name": "job-bff2ca28-afa0-41f5-97c4-b19df32796a9",
  "image": "busybox",
  "version": "1.36.1",
  "state": "Succeeded",
  "job_creation_date": {
    "$date": "2024-09-17T08:17:57.736Z"
  },
  "job_finalize_date": {
    "$date": "2024-09-17T09:20:01.012Z"
  },
  "creation_by": "Administrator",
  "creation_date": {
    "$date": "2024-09-17T08:17:57.682Z"
  },
  "updated_by": "Administrator",
  "updated_date": {
    "$date": "2024-09-17T09:20:01.013Z"
  }
},
{
  "_id": {
    "$oid": "66e97e8eba6da8222d7f4e2f"
  },
  "case_id": {
    "$oid": "6661f0144ae857299432f447"
  },
  "name": "job-5f05a367-7bf9-4dae-9f6c-b4a34297621a",
  "image": "busybox",
  "version": "1.36.1",
  "state": "Succeeded",
  "job_creation_date": {
    "$date": "2024-09-17T13:05:19.070Z"
  },
  "job_finalize_date": {
    "$date": "2024-09-17T14:07:22.017Z"
  },
  "creation_by": "Administrator",
  "creation_date": {
    "$date": "2024-09-17T13:05:18.972Z"
  },
  "updated_by": "Administrator",
  "updated_date": {
    "$date": "2024-09-17T14:07:22.017Z"
  }
},
{
  "_id": {
    "$oid": "66e9829fba6da8222d7f4e31"
  },
  "case_id": {
    "$oid": "6661f0144ae857299432f447"
  },
  "name": "job-869254de-2bf5-4919-b208-f812abb3d31a",
  "image": "busybox",
  "version": "1.36.1",
  "state": "Succeeded",
  "job_creation_date": {
    "$date": "2024-09-17T13:22:39.732Z"
  },
  "job_finalize_date": {
    "$date": "2024-09-17T14:24:42.012Z"
  },
  "creation_by": "Administrator",
  "creation_date": {
    "$date": "2024-09-17T13:22:39.600Z"
  },
  "updated_by": "Administrator",
  "updated_date": {
    "$date": "2024-09-17T14:24:42.012Z"
  }
},
{
  "_id": {
    "$oid": "66e9ad90cff14a0f0929d599"
  },
  "case_id": {
    "$oid": "65cdc989fa8c8fdbcefac01e"
  },
  "name": "job-5eaf80f5-931e-427c-999f-e36f1e1a67cd",
  "image": "avibdocker.azurecr.io/uniovi-avib-morphingprojections-job-projection",
  "version": "1.5.0",
  "state": "Succeeded",
  "job_creation_date": {
    "$date": "2024-09-17T16:26:11.307Z"
  },
  "job_finalize_date": {
    "$date": "2024-09-17T16:26:21.025Z"
  },
  "creation_by": "Administrator",
  "creation_date": {
    "$date": "2024-09-17T16:25:52.406Z"
  },
  "updated_by": "Administrator",
  "updated_date": {
    "$date": "2024-09-17T16:26:21.026Z"
  }
},
{
  "_id": {
    "$oid": "66e9ae0acff14a0f0929d59a"
  },
  "case_id": {
    "$oid": "65cdc989fa8c8fdbcefac01e"
  },
  "name": "job-f336c1b0-5bf2-4f16-9083-50ba7514703f",
  "image": "avibdocker.azurecr.io/uniovi-avib-morphingprojections-job-projection",
  "version": "1.5.0",
  "state": "Succeeded",
  "job_creation_date": {
    "$date": "2024-09-17T16:28:22.325Z"
  },
  "job_finalize_date": {
    "$date": "2024-09-17T16:28:31.815Z"
  },
  "creation_by": "Administrator",
  "creation_date": {
    "$date": "2024-09-17T16:27:54.588Z"
  },
  "updated_by": "Administrator",
  "updated_date": {
    "$date": "2024-09-17T16:28:31.816Z"
  }
},
{
  "_id": {
    "$oid": "66e9b09acff14a0f0929d5a1"
  },
  "case_id": {
    "$oid": "65cdc989fa8c8fdbcefac01e"
  },
  "name": "job-904ca0d2-b86f-4a99-88c2-f67d13c849b9",
  "image": "avibdocker.azurecr.io/uniovi-avib-morphingprojections-job-projection",
  "version": "1.5.0",
  "state": "Succeeded",
  "job_creation_date": {
    "$date": "2024-09-17T16:38:50.237Z"
  },
  "job_finalize_date": {
    "$date": "2024-09-17T17:38:59.014Z"
  },
  "creation_by": "Administrator",
  "creation_date": {
    "$date": "2024-09-17T16:38:50.094Z"
  },
  "updated_by": "Administrator",
  "updated_date": {
    "$date": "2024-09-17T17:38:59.031Z"
  }
},
{
  "_id": {
    "$oid": "66e9b10ccff14a0f0929d5a2"
  },
  "case_id": {
    "$oid": "65cdc989fa8c8fdbcefac01e"
  },
  "name": "job-53dd65ba-d933-4afa-b202-8971c4ae4359",
  "image": "avibdocker.azurecr.io/uniovi-avib-morphingprojections-job-projection",
  "version": "1.5.0",
  "state": "Succeeded",
  "job_creation_date": {
    "$date": "2024-09-17T16:40:44.198Z"
  },
  "job_finalize_date": {
    "$date": "2024-09-17T17:41:11.466Z"
  },
  "creation_by": "Administrator",
  "creation_date": {
    "$date": "2024-09-17T16:40:44.143Z"
  },
  "updated_by": "Administrator",
  "updated_date": {
    "$date": "2024-09-17T17:41:11.467Z"
  }
},
{
  "_id": {
    "$oid": "66e9b13ccff14a0f0929d5a4"
  },
  "case_id": {
    "$oid": "65cdc989fa8c8fdbcefac01e"
  },
  "name": "job-96fa5015-c037-4ea8-8708-dd74a97e10d5",
  "image": "avibdocker.azurecr.io/uniovi-avib-morphingprojections-job-projection",
  "version": "1.5.0",
  "state": "Succeeded",
  "job_creation_date": {
    "$date": "2024-09-17T16:41:32.668Z"
  },
  "job_finalize_date": {
    "$date": "2024-09-17T16:41:41.405Z"
  },
  "creation_by": "Administrator",
  "creation_date": {
    "$date": "2024-09-17T16:41:32.609Z"
  },
  "updated_by": "Administrator",
  "updated_date": {
    "$date": "2024-09-17T16:41:41.406Z"
  }
},
{
  "_id": {
    "$oid": "66e9b756cff14a0f0929d5a5"
  },
  "case_id": {
    "$oid": "65cdc989fa8c8fdbcefac01e"
  },
  "name": "job-165cd302-978c-4a57-9199-b7135d3b5e08",
  "image": "avibdocker.azurecr.io/uniovi-avib-morphingprojections-job-projection",
  "version": "1.5.0",
  "state": "Succeeded",
  "job_creation_date": {
    "$date": "2024-09-17T17:07:34.918Z"
  },
  "job_finalize_date": {
    "$date": "2024-09-17T17:07:46.403Z"
  },
  "creation_by": "Administrator",
  "creation_date": {
    "$date": "2024-09-17T17:07:34.836Z"
  },
  "updated_by": "Administrator",
  "updated_date": {
    "$date": "2024-09-17T17:07:46.403Z"
  }
},
{
  "_id": {
    "$oid": "66e9b82bcff14a0f0929d5a7"
  },
  "case_id": {
    "$oid": "65cdc989fa8c8fdbcefac01e"
  },
  "name": "job-32e1b89c-4b8b-4ac6-a7e2-f753b38e4d96",
  "image": "avibdocker.azurecr.io/uniovi-avib-morphingprojections-job-projection",
  "version": "1.5.0",
  "state": "Succeeded",
  "job_creation_date": {
    "$date": "2024-09-17T17:11:07.953Z"
  },
  "job_finalize_date": {
    "$date": "2024-09-17T17:11:17.731Z"
  },
  "creation_by": "Administrator",
  "creation_date": {
    "$date": "2024-09-17T17:11:07.803Z"
  },
  "updated_by": "Administrator",
  "updated_date": {
    "$date": "2024-09-17T17:11:17.731Z"
  }
},
{
  "_id": {
    "$oid": "66e9c3d2a79c594938ab23e5"
  },
  "case_id": {
    "$oid": "65cdc989fa8c8fdbcefac01e"
  },
  "name": "job-d9a43885-87b0-4da0-808e-5c00b0fed538",
  "image": "avibdocker.azurecr.io/uniovi-avib-morphingprojections-job-projection",
  "version": "1.5.0",
  "state": "Failed",
  "job_creation_date": {
    "$date": "2024-09-17T18:00:50.124Z"
  },
  "job_finalize_date": {
    "$date": "2024-09-17T18:05:00.075Z"
  },
  "creation_by": "Administrator",
  "creation_date": {
    "$date": "2024-09-17T18:00:50.059Z"
  },
  "updated_by": "Administrator",
  "updated_date": {
    "$date": "2024-09-17T18:05:00.075Z"
  }
},
{
  "_id": {
    "$oid": "66ea735d7e1a837ac90356dc"
  },
  "case_id": {
    "$oid": "65cdc989fa8c8fdbcefac01e"
  },
  "name": "job-008c1bd4-70cf-4bf4-8731-43d1bf8d6f94",
  "image": "avibdocker.azurecr.io/uniovi-avib-morphingprojections-job-projection",
  "version": "1.5.0",
  "state": "Succeeded",
  "job_creation_date": {
    "$date": "2024-09-18T06:29:49.552Z"
  },
  "job_finalize_date": {
    "$date": "2024-09-18T07:30:01.024Z"
  },
  "creation_by": "Administrator",
  "creation_date": {
    "$date": "2024-09-18T06:29:49.197Z"
  },
  "updated_by": "Administrator",
  "updated_date": {
    "$date": "2024-09-18T07:30:01.024Z"
  }
},
{
  "_id": {
    "$oid": "66ea74797e1a837ac90356dd"
  },
  "case_id": {
    "$oid": "65cdc989fa8c8fdbcefac01e"
  },
  "name": "job-5e53c09d-023b-4a8a-88bd-5297d6b4e4d4",
  "image": "avibdocker.azurecr.io/uniovi-avib-morphingprojections-job-projection",
  "version": "1.6.0",
  "state": "Succeeded",
  "job_creation_date": {
    "$date": "2024-09-18T06:34:33.153Z"
  },
  "job_finalize_date": {
    "$date": "2024-09-18T07:34:42.021Z"
  },
  "creation_by": "Administrator",
  "creation_date": {
    "$date": "2024-09-18T06:34:33.029Z"
  },
  "updated_by": "Administrator",
  "updated_date": {
    "$date": "2024-09-18T07:34:42.021Z"
  }
},
{
  "_id": {
    "$oid": "66ea77a37e1a837ac90356de"
  },
  "case_id": {
    "$oid": "65cdc989fa8c8fdbcefac01e"
  },
  "name": "job-518604af-9f13-4fd5-a80e-8802e1bfe24c",
  "image": "avibdocker.azurecr.io/uniovi-avib-morphingprojections-job-projection",
  "version": "1.7.0",
  "state": "Succeeded",
  "job_creation_date": {
    "$date": "2024-09-18T06:48:03.625Z"
  },
  "job_finalize_date": {
    "$date": "2024-09-18T07:48:14.016Z"
  },
  "creation_by": "Administrator",
  "creation_date": {
    "$date": "2024-09-18T06:48:03.562Z"
  },
  "updated_by": "Administrator",
  "updated_date": {
    "$date": "2024-09-18T07:48:14.016Z"
  }
},
{
  "_id": {
    "$oid": "66ea78927e1a837ac90356df"
  },
  "case_id": {
    "$oid": "65cdc989fa8c8fdbcefac01e"
  },
  "name": "job-5c810623-a685-4d46-9a3e-898543d2f85f",
  "image": "avibdocker.azurecr.io/uniovi-avib-morphingprojections-job-projection",
  "version": "1.7.0",
  "state": "Succeeded",
  "job_creation_date": {
    "$date": "2024-09-18T06:52:02.352Z"
  },
  "job_finalize_date": {
    "$date": "2024-09-18T07:52:11.012Z"
  },
  "creation_by": "Administrator",
  "creation_date": {
    "$date": "2024-09-18T06:52:02.295Z"
  },
  "updated_by": "Administrator",
  "updated_date": {
    "$date": "2024-09-18T07:52:11.012Z"
  }
},
{
  "_id": {
    "$oid": "66ea79e27e1a837ac90356e0"
  },
  "case_id": {
    "$oid": "65cdc989fa8c8fdbcefac01e"
  },
  "name": "job-66e5ae87-ce2f-4db6-8b55-a382a9a76811",
  "image": "avibdocker.azurecr.io/uniovi-avib-morphingprojections-job-projection",
  "version": "1.7.0",
  "state": "Succeeded",
  "job_creation_date": {
    "$date": "2024-09-18T06:57:39.029Z"
  },
  "job_finalize_date": {
    "$date": "2024-09-18T07:57:49.017Z"
  },
  "creation_by": "Administrator",
  "creation_date": {
    "$date": "2024-09-18T06:57:38.966Z"
  },
  "updated_by": "Administrator",
  "updated_date": {
    "$date": "2024-09-18T07:57:49.017Z"
  }
},
{
  "_id": {
    "$oid": "66ea7b177e1a837ac90356e2"
  },
  "case_id": {
    "$oid": "65cdc989fa8c8fdbcefac01e"
  },
  "name": "job-70f148d9-ce85-4eee-bbe8-98b1d21a7200",
  "image": "avibdocker.azurecr.io/uniovi-avib-morphingprojections-job-projection",
  "version": "1.7.0",
  "state": "Succeeded",
  "job_creation_date": {
    "$date": "2024-09-18T07:02:47.356Z"
  },
  "job_finalize_date": {
    "$date": "2024-09-18T08:02:57.015Z"
  },
  "creation_by": "Administrator",
  "creation_date": {
    "$date": "2024-09-18T07:02:47.285Z"
  },
  "updated_by": "Administrator",
  "updated_date": {
    "$date": "2024-09-18T08:02:57.016Z"
  }
},
{
  "_id": {
    "$oid": "66ec4a487e1a837ac90356e3"
  },
  "case_id": {
    "$oid": "65cdc989fa8c8fdbcefac01e"
  },
  "name": "job-dda62311-6aaa-4dc4-89a3-6ffd9fdb0e52",
  "image": "avibdocker.azurecr.io/uniovi-avib-morphingprojections-job-projection",
  "version": "1.7.0",
  "state": "Succeeded",
  "job_creation_date": {
    "$date": "2024-09-19T15:59:04.619Z"
  },
  "job_finalize_date": {
    "$date": "2024-09-19T16:59:15.021Z"
  },
  "creation_by": "Administrator",
  "creation_date": {
    "$date": "2024-09-19T15:59:04.514Z"
  },
  "updated_by": "Administrator",
  "updated_date": {
    "$date": "2024-09-19T16:59:15.022Z"
  }
},
{
  "_id": {
    "$oid": "66ed5d267e1a837ac90356e4"
  },
  "case_id": {
    "$oid": "65cdc989fa8c8fdbcefac01e"
  },
  "name": "job-1cd0b4aa-0c2e-4a7b-9a66-0d803bf9ce8d",
  "image": "avibdocker.azurecr.io/uniovi-avib-morphingprojections-job-projection",
  "version": "1.7.0",
  "state": "Succeeded",
  "job_creation_date": {
    "$date": "2024-09-20T11:31:50.930Z"
  },
  "job_finalize_date": {
    "$date": "2024-09-20T12:32:02.030Z"
  },
  "creation_by": "Administrator",
  "creation_date": {
    "$date": "2024-09-20T11:31:50.860Z"
  },
  "updated_by": "Administrator",
  "updated_date": {
    "$date": "2024-09-20T12:32:02.031Z"
  }
},
{
  "_id": {
    "$oid": "66ed91e07e1a837ac90356e5"
  },
  "case_id": {
    "$oid": "65cdc989fa8c8fdbcefac01e"
  },
  "name": "job-447b491f-6e1e-4359-ad9a-176bbb9774a1",
  "image": "avibdocker.azurecr.io/uniovi-avib-morphingprojections-job-projection",
  "version": "1.7.0",
  "state": "Failed",
  "job_creation_date": {
    "$date": "2024-09-20T15:16:48.249Z"
  },
  "job_finalize_date": {
    "$date": "2024-09-20T15:17:34.736Z"
  },
  "creation_by": "Administrator",
  "creation_date": {
    "$date": "2024-09-20T15:16:48.188Z"
  },
  "updated_by": "Administrator",
  "updated_date": {
    "$date": "2024-09-20T15:17:34.737Z"
  }
},
{
  "_id": {
    "$oid": "66ed92387e1a837ac90356e6"
  },
  "case_id": {
    "$oid": "65cdc989fa8c8fdbcefac01e"
  },
  "name": "job-4a935fc6-7d6a-4b7d-9b66-35f7397b55c1",
  "image": "avibdocker.azurecr.io/uniovi-avib-morphingprojections-job-projection",
  "version": "1.7.0",
  "state": "Succeeded",
  "job_creation_date": {
    "$date": "2024-09-20T15:18:16.487Z"
  },
  "job_finalize_date": {
    "$date": "2024-09-20T16:18:28.035Z"
  },
  "creation_by": "Administrator",
  "creation_date": {
    "$date": "2024-09-20T15:18:16.449Z"
  },
  "updated_by": "Administrator",
  "updated_date": {
    "$date": "2024-09-20T16:18:28.036Z"
  }
},
{
  "_id": {
    "$oid": "66ed94447e1a837ac90356e7"
  },
  "case_id": {
    "$oid": "65cdc989fa8c8fdbcefac01e"
  },
  "name": "job-76d0ff59-168a-42cd-a65f-fab66cc7edaf",
  "image": "avibdocker.azurecr.io/uniovi-avib-morphingprojections-job-projection",
  "version": "1.7.0",
  "state": "Succeeded",
  "job_creation_date": {
    "$date": "2024-09-20T15:27:00.588Z"
  },
  "job_finalize_date": {
    "$date": "2024-09-20T16:27:16.014Z"
  },
  "creation_by": "Administrator",
  "creation_date": {
    "$date": "2024-09-20T15:27:00.527Z"
  },
  "updated_by": "Administrator",
  "updated_date": {
    "$date": "2024-09-20T16:27:16.014Z"
  }
},
{
  "_id": {
    "$oid": "66f1a633eaa9dd582ba25967"
  },
  "case_id": {
    "$oid": "65cdc989fa8c8fdbcefac01e"
  },
  "name": "job-d610536a-05a7-4615-8b9e-0575f2d6a5ac",
  "image": "avibdocker.azurecr.io/uniovi-avib-morphingprojections-job-projection",
  "version": "1.7.0",
  "state": "Succeeded",
  "job_creation_date": {
    "$date": "2024-09-23T17:32:36.034Z"
  },
  "job_finalize_date": {
    "$date": "2024-09-23T18:32:54.028Z"
  },
  "creation_by": "Administrator",
  "creation_date": {
    "$date": "2024-09-23T17:32:35.843Z"
  },
  "updated_by": "Administrator",
  "updated_date": {
    "$date": "2024-09-23T18:32:54.029Z"
  }
},
{
  "_id": {
    "$oid": "66f1a663eaa9dd582ba25968"
  },
  "case_id": {
    "$oid": "65cdc989fa8c8fdbcefac01e"
  },
  "name": "job-b83cab20-0893-45ea-9974-a90e4dc547e3",
  "image": "avibdocker.azurecr.io/uniovi-avib-morphingprojections-job-projection",
  "version": "1.7.0",
  "state": "Succeeded",
  "job_creation_date": {
    "$date": "2024-09-23T17:33:23.888Z"
  },
  "job_finalize_date": {
    "$date": "2024-09-23T18:33:40.013Z"
  },
  "creation_by": "Administrator",
  "creation_date": {
    "$date": "2024-09-23T17:33:23.849Z"
  },
  "updated_by": "Administrator",
  "updated_date": {
    "$date": "2024-09-23T18:33:40.014Z"
  }
},
{
  "_id": {
    "$oid": "66f2769ceaa9dd582ba25969"
  },
  "case_id": {
    "$oid": "65cdc989fa8c8fdbcefac01e"
  },
  "name": "job-3ef6b97b-4cae-4518-b08a-0b11bd0cef75",
  "image": "avibdocker.azurecr.io/uniovi-avib-morphingprojections-job-projection",
  "version": "1.7.0",
  "state": "Succeeded",
  "job_creation_date": {
    "$date": "2024-09-24T08:21:48.994Z"
  },
  "job_finalize_date": {
    "$date": "2024-09-24T09:22:04.019Z"
  },
  "creation_by": "Administrator",
  "creation_date": {
    "$date": "2024-09-24T08:21:48.906Z"
  },
  "updated_by": "Administrator",
  "updated_date": {
    "$date": "2024-09-24T09:22:04.020Z"
  }
},
{
  "_id": {
    "$oid": "66f294afeaa9dd582ba2596a"
  },
  "case_id": {
    "$oid": "65cdc989fa8c8fdbcefac01e"
  },
  "name": "job-0dfad626-f4ba-48f6-93ab-c3dc2d0e1426",
  "image": "avibdocker.azurecr.io/uniovi-avib-morphingprojections-job-projection",
  "version": "1.7.0",
  "state": "Succeeded",
  "job_creation_date": {
    "$date": "2024-09-24T10:30:07.853Z"
  },
  "job_finalize_date": {
    "$date": "2024-09-24T11:30:23.015Z"
  },
  "creation_by": "Administrator",
  "creation_date": {
    "$date": "2024-09-24T10:30:07.778Z"
  },
  "updated_by": "Administrator",
  "updated_date": {
    "$date": "2024-09-24T11:30:23.016Z"
  }
},
{
  "_id": {
    "$oid": "66f295efeaa9dd582ba2596b"
  },
  "case_id": {
    "$oid": "65cdc989fa8c8fdbcefac01e"
  },
  "name": "job-2d3b7f8f-cd3b-4bad-9253-bf8fd9adf0ee",
  "image": "avibdocker.azurecr.io/uniovi-avib-morphingprojections-job-projection",
  "version": "1.7.0",
  "state": "Failed",
  "job_creation_date": {
    "$date": "2024-09-24T10:35:27.574Z"
  },
  "job_finalize_date": {
    "$date": "2024-09-24T11:46:24.012Z"
  },
  "creation_by": "Administrator",
  "creation_date": {
    "$date": "2024-09-24T10:35:27.514Z"
  },
  "updated_by": "Administrator",
  "updated_date": {
    "$date": "2024-09-24T11:46:24.012Z"
  }
},
{
  "_id": {
    "$oid": "66f29db5f30666413e2cbd67"
  },
  "case_id": {
    "$oid": "65cdc989fa8c8fdbcefac01e"
  },
  "name": "job-0839153a-03fe-4338-9b25-fda1f2bd0d46",
  "image": "avibdocker.azurecr.io/uniovi-avib-morphingprojections-job-projection",
  "version": "1.7.0",
  "state": "Succeeded",
  "job_creation_date": {
    "$date": "2024-09-24T11:08:38.082Z"
  },
  "job_finalize_date": {
    "$date": "2024-09-24T12:08:52.013Z"
  },
  "creation_by": "Administrator",
  "creation_date": {
    "$date": "2024-09-24T11:08:37.723Z"
  },
  "updated_by": "Administrator",
  "updated_date": {
    "$date": "2024-09-24T12:08:52.013Z"
  }
},
{
  "_id": {
    "$oid": "66f29dedf30666413e2cbd68"
  },
  "case_id": {
    "$oid": "65cdc989fa8c8fdbcefac01e"
  },
  "name": "job-6289a15e-4dcf-413b-a098-ac6e68b6d87e",
  "image": "avibdocker.azurecr.io/uniovi-avib-morphingprojections-job-projection",
  "version": "1.7.0",
  "state": "Succeeded",
  "job_creation_date": {
    "$date": "2024-09-24T11:09:33.807Z"
  },
  "job_finalize_date": {
    "$date": "2024-09-24T12:09:49.014Z"
  },
  "creation_by": "Administrator",
  "creation_date": {
    "$date": "2024-09-24T11:09:33.762Z"
  },
  "updated_by": "Administrator",
  "updated_date": {
    "$date": "2024-09-24T12:09:49.015Z"
  }
},
{
  "_id": {
    "$oid": "66f2c25ba57d88770025e4c2"
  },
  "case_id": {
    "$oid": "65cdc989fa8c8fdbcefac01e"
  },
  "name": "job-d3f1025e-82c5-45a0-b47a-aee4fa20d6d9",
  "image": "avibdocker.azurecr.io/uniovi-avib-morphingprojections-job-projection",
  "version": "1.7.0",
  "state": "Succeeded",
  "job_creation_date": {
    "$date": "2024-09-24T13:45:00.303Z"
  },
  "job_finalize_date": {
    "$date": "2024-09-24T14:45:13.030Z"
  },
  "creation_by": "Administrator",
  "creation_date": {
    "$date": "2024-09-24T13:44:59.841Z"
  },
  "updated_by": "Administrator",
  "updated_date": {
    "$date": "2024-09-24T14:45:13.030Z"
  }
},
{
  "_id": {
    "$oid": "66f2d989a57d88770025e4c3"
  },
  "case_id": {
    "$oid": "65cdc989fa8c8fdbcefac01e"
  },
  "name": "job-e8076582-1682-4ed7-855b-a7a8b7b9b72b",
  "image": "avibdocker.azurecr.io/uniovi-avib-morphingprojections-job-projection",
  "version": "1.8.0",
  "state": "Succeeded",
  "job_creation_date": {
    "$date": "2024-09-24T15:23:54.039Z"
  },
  "job_finalize_date": {
    "$date": "2024-09-24T16:24:12.017Z"
  },
  "creation_by": "Administrator",
  "creation_date": {
    "$date": "2024-09-24T15:23:53.964Z"
  },
  "updated_by": "Administrator",
  "updated_date": {
    "$date": "2024-09-24T16:24:12.017Z"
  }
},
{
  "_id": {
    "$oid": "66f2d9bea57d88770025e4c4"
  },
  "case_id": {
    "$oid": "65cdc989fa8c8fdbcefac01e"
  },
  "name": "job-f39365ca-6661-402b-94fe-0d941a2b4162",
  "image": "avibdocker.azurecr.io/uniovi-avib-morphingprojections-job-projection",
  "version": "1.8.0",
  "state": "Succeeded",
  "job_creation_date": {
    "$date": "2024-09-24T15:24:46.524Z"
  },
  "job_finalize_date": {
    "$date": "2024-09-24T16:25:02.008Z"
  },
  "creation_by": "Administrator",
  "creation_date": {
    "$date": "2024-09-24T15:24:46.480Z"
  },
  "updated_by": "Administrator",
  "updated_date": {
    "$date": "2024-09-24T16:25:02.009Z"
  }
},
{
  "_id": {
    "$oid": "66f2e13ba57d88770025e4c5"
  },
  "case_id": {
    "$oid": "6661f0144ae857299432f447"
  },
  "name": "job-6b7f0baf-9345-4a26-ac4a-351cba2a8778",
  "image": "busybox",
  "version": "1.36.1",
  "state": "Succeeded",
  "job_creation_date": {
    "$date": "2024-09-24T15:56:43.607Z"
  },
  "job_finalize_date": {
    "$date": "2024-09-24T16:58:46.079Z"
  },
  "creation_by": "Administrator",
  "creation_date": {
    "$date": "2024-09-24T15:56:43.541Z"
  },
  "updated_by": "Administrator",
  "updated_date": {
    "$date": "2024-09-24T16:58:46.079Z"
  }
},
{
  "_id": {
    "$oid": "66f2e1d0a57d88770025e4c6"
  },
  "case_id": {
    "$oid": "6661f0144ae857299432f447"
  },
  "name": "job-46ab6004-a1cb-4cf7-b3df-2f31d681feb4",
  "image": "avibdocker.azurecr.io/uniovi-avib-morphingprojections-job-projection",
  "version": "1.8.0",
  "state": "Failed",
  "job_creation_date": {
    "$date": "2024-09-24T15:59:12.818Z"
  },
  "job_finalize_date": {
    "$date": "2024-09-24T16:03:03.372Z"
  },
  "creation_by": "Administrator",
  "creation_date": {
    "$date": "2024-09-24T15:59:12.786Z"
  },
  "updated_by": "Administrator",
  "updated_date": {
    "$date": "2024-09-24T16:03:03.372Z"
  }
},
{
  "_id": {
    "$oid": "66f2e2dda57d88770025e4c7"
  },
  "case_id": {
    "$oid": "6661f0144ae857299432f447"
  },
  "name": "job-fee8fd05-2f84-4940-8f59-cc11e4915dca",
  "image": "avibdocker.azurecr.io/uniovi-avib-morphingprojections-job-projection",
  "version": "1.8.0",
  "state": "Failed",
  "job_creation_date": {
    "$date": "2024-09-24T16:03:41.926Z"
  },
  "job_finalize_date": {
    "$date": "2024-09-24T16:19:09.174Z"
  },
  "creation_by": "Administrator",
  "creation_date": {
    "$date": "2024-09-24T16:03:41.867Z"
  },
  "updated_by": "Administrator",
  "updated_date": {
    "$date": "2024-09-24T16:19:09.174Z"
  }
},
{
  "_id": {
    "$oid": "66f2e80fa57d88770025e4c8"
  },
  "case_id": {
    "$oid": "65cdc989fa8c8fdbcefac01e"
  },
  "name": "job-52b96341-0150-447d-a525-5e9808bfc5ac",
  "image": "avibdocker.azurecr.io/uniovi-avib-morphingprojections-job-projection",
  "version": "1.9.0",
  "state": "Succeeded",
  "job_creation_date": {
    "$date": "2024-09-24T16:25:51.875Z"
  },
  "job_finalize_date": {
    "$date": "2024-09-24T17:26:08.089Z"
  },
  "creation_by": "Administrator",
  "creation_date": {
    "$date": "2024-09-24T16:25:51.816Z"
  },
  "updated_by": "Administrator",
  "updated_date": {
    "$date": "2024-09-24T17:26:08.089Z"
  }
},
{
  "_id": {
    "$oid": "66f2e843a57d88770025e4c9"
  },
  "case_id": {
    "$oid": "6661f0144ae857299432f447"
  },
  "name": "job-dfeaa1ae-8655-4ce1-a1c1-576288bf7cab",
  "image": "avibdocker.azurecr.io/uniovi-avib-morphingprojections-job-projection",
  "version": "1.9.0",
  "state": "Failed",
  "job_creation_date": {
    "$date": "2024-09-24T16:26:43.123Z"
  },
  "job_finalize_date": {
    "$date": "2024-09-24T17:53:17.700Z"
  },
  "creation_by": "Administrator",
  "creation_date": {
    "$date": "2024-09-24T16:26:43.089Z"
  },
  "updated_by": "Administrator",
  "updated_date": {
    "$date": "2024-09-24T17:53:17.700Z"
  }
},
{
  "_id": {
    "$oid": "66f3fe2baeb4bc2fbeb41933"
  },
  "case_id": {
    "$oid": "65cdc989fa8c8fdbcefac01e"
  },
  "name": "job-5c8c985e-05f5-455b-98fa-099719937dbe",
  "image": "avibdocker.azurecr.io/uniovi-avib-morphingprojections-job-projection",
  "version": "1.9.0",
  "state": "Succeeded",
  "job_creation_date": {
    "$date": "2024-09-25T12:12:27.584Z"
  },
  "job_finalize_date": {
    "$date": "2024-09-25T13:12:40.017Z"
  },
  "creation_by": "Administrator",
  "creation_date": {
    "$date": "2024-09-25T12:12:27.411Z"
  },
  "updated_by": "Administrator",
  "updated_date": {
    "$date": "2024-09-25T13:12:40.018Z"
  }
},
{
  "_id": {
    "$oid": "66f44412aeb4bc2fbeb41934"
  },
  "case_id": {
    "$oid": "65cdc989fa8c8fdbcefac01e"
  },
  "name": "job-43ad5911-d862-4f50-9fa8-a5ec1fe85547",
  "image": "avibdocker.azurecr.io/uniovi-avib-morphingprojections-job-projection",
  "version": "1.9.0",
  "state": "Succeeded",
  "job_creation_date": {
    "$date": "2024-09-25T17:10:43.020Z"
  },
  "job_finalize_date": {
    "$date": "2024-09-25T18:10:59.017Z"
  },
  "creation_by": "Administrator",
  "creation_date": {
    "$date": "2024-09-25T17:10:42.937Z"
  },
  "updated_by": "Administrator",
  "updated_date": {
    "$date": "2024-09-25T18:10:59.018Z"
  }
},
{
  "_id": {
    "$oid": "66f445d8aeb4bc2fbeb41935"
  },
  "case_id": {
    "$oid": "65cdc989fa8c8fdbcefac01e"
  },
  "name": "job-03344f05-ac0e-4c34-b240-0b14ab569cc8",
  "image": "avibdocker.azurecr.io/uniovi-avib-morphingprojections-job-projection",
  "version": "1.9.0",
  "state": "Succeeded",
  "job_creation_date": {
    "$date": "2024-09-25T17:18:17.036Z"
  },
  "job_finalize_date": {
    "$date": "2024-09-25T18:18:31.014Z"
  },
  "creation_by": "Administrator",
  "creation_date": {
    "$date": "2024-09-25T17:18:16.974Z"
  },
  "updated_by": "Administrator",
  "updated_date": {
    "$date": "2024-09-25T18:18:31.014Z"
  }
},
{
  "_id": {
    "$oid": "6703faccd5926f28017777ac"
  },
  "case_id": {
    "$oid": "65cdc989fa8c8fdbcefac01e"
  },
  "name": "job-11b292db-36ce-4823-bd6f-0f66c277de08",
  "image": "avibdocker.azurecr.io/uniovi-avib-morphingprojections-job-projection",
  "version": "1.9.0",
  "state": "Succeeded",
  "job_creation_date": {
    "$date": "2024-10-07T15:14:20.455Z"
  },
  "job_finalize_date": {
    "$date": "2024-10-07T16:14:34.032Z"
  },
  "creation_by": "Administrator",
  "creation_date": {
    "$date": "2024-10-07T15:14:20.271Z"
  },
  "updated_by": "Administrator",
  "updated_date": {
    "$date": "2024-10-07T16:14:34.033Z"
  }
},
{
  "_id": {
    "$oid": "6703fe79d5926f28017777af"
  },
  "case_id": {
    "$oid": "65cdc989fa8c8fdbcefac01e"
  },
  "name": "job-48ebfa7b-5112-4255-ab46-b746b2e46c45",
  "image": "avibdocker.azurecr.io/uniovi-avib-morphingprojections-job-projection",
  "version": "1.9.0",
  "state": "Succeeded",
  "job_creation_date": {
    "$date": "2024-10-07T15:30:05.902Z"
  },
  "job_finalize_date": {
    "$date": "2024-10-07T16:30:22.019Z"
  },
  "creation_by": "Administrator",
  "creation_date": {
    "$date": "2024-10-07T15:30:01.204Z"
  },
  "updated_by": "Administrator",
  "updated_date": {
    "$date": "2024-10-07T16:30:22.019Z"
  }
},
{
  "_id": {
    "$oid": "6703febed5926f28017777b1"
  },
  "case_id": {
    "$oid": "65cdc989fa8c8fdbcefac01e"
  },
  "name": "job-246d7346-51ee-4467-aa47-7ddecb80e904",
  "image": "avibdocker.azurecr.io/uniovi-avib-morphingprojections-job-projection",
  "version": "1.9.0",
  "state": "Succeeded",
  "job_creation_date": {
    "$date": "2024-10-07T15:31:10.996Z"
  },
  "job_finalize_date": {
    "$date": "2024-10-07T16:31:24.014Z"
  },
  "creation_by": "Administrator",
  "creation_date": {
    "$date": "2024-10-07T15:31:10.862Z"
  },
  "updated_by": "Administrator",
  "updated_date": {
    "$date": "2024-10-07T16:31:24.015Z"
  }
},
{
  "_id": {
    "$oid": "67111f5ba88273459d785e2a"
  },
  "case_id": {
    "$oid": "65cdc989fa8c8fdbcefac01e"
  },
  "name": "job-6be96dd3-dff3-4ead-8d8d-a753e9e18491",
  "image": "avibdocker.azurecr.io/uniovi-avib-morphingprojections-job-projection",
  "version": "1.9.0",
  "state": "Succeeded",
  "job_creation_date": {
    "$date": "2024-10-17T14:29:47.641Z"
  },
  "job_finalize_date": {
    "$date": "2024-10-17T15:30:01.032Z"
  },
  "creation_by": "Administrator",
  "creation_date": {
    "$date": "2024-10-17T14:29:47.412Z"
  },
  "updated_by": "Administrator",
  "updated_date": {
    "$date": "2024-10-17T15:30:01.032Z"
  }
},
{
  "_id": {
    "$oid": "67349c3967ef4d431772b9b3"
  },
  "case_id": {
    "$oid": "65cdc989fa8c8fdbcefac01e"
  },
  "name": "job-37eae197-7e11-4e55-8139-43153efa9a0b",
  "image": "avibdocker.azurecr.io/uniovi-avib-morphingprojections-job-projection",
  "version": "1.9.0",
  "state": "Succeeded",
  "job_creation_date": {
    "$date": "2024-11-13T12:31:53.567Z"
  },
  "job_finalize_date": {
    "$date": "2024-11-13T13:32:07.047Z"
  },
  "creation_by": "Administrator",
  "creation_date": {
    "$date": "2024-11-13T12:31:53.286Z"
  },
  "updated_by": "Administrator",
  "updated_date": {
    "$date": "2024-11-13T13:32:07.048Z"
  }
},
{
  "_id": {
    "$oid": "67349ce667ef4d431772b9b4"
  },
  "case_id": {
    "$oid": "66e7f1a2cca6ec0705f71fbf"
  },
  "name": "job-98b30352-440b-42e7-8a8f-3e3d34e0574a",
  "image": "busybox",
  "version": "1.36.1",
  "state": "Succeeded",
  "job_creation_date": {
    "$date": "2024-11-13T12:34:46.328Z"
  },
  "job_finalize_date": {
    "$date": "2024-11-13T13:36:49.014Z"
  },
  "creation_by": "Administrator",
  "creation_date": {
    "$date": "2024-11-13T12:34:46.263Z"
  },
  "updated_by": "Administrator",
  "updated_date": {
    "$date": "2024-11-13T13:36:49.014Z"
  }
},
{
  "_id": {
    "$oid": "6734d22f69cc071259869c40"
  },
  "case_id": {
    "$oid": "65cdc989fa8c8fdbcefac01e"
  },
  "name": "job-2f42954c-d032-42f7-b225-dfc8ae4213fc",
  "image": "avibdocker.azurecr.io/uniovi-avib-morphingprojections-job-projection",
  "version": "1.9.0",
  "state": "Succeeded",
  "job_creation_date": {
    "$date": "2024-11-13T16:22:07.561Z"
  },
  "job_finalize_date": {
    "$date": "2024-11-13T17:22:23.046Z"
  },
  "creation_by": "Administrator",
  "creation_date": {
    "$date": "2024-11-13T16:22:07.307Z"
  },
  "updated_by": "Administrator",
  "updated_date": {
    "$date": "2024-11-13T17:22:23.048Z"
  }
},
{
  "_id": {
    "$oid": "6735f82969cc071259869c41"
  },
  "case_id": {
    "$oid": "65cdc989fa8c8fdbcefac01e"
  },
  "name": "job-833e9712-1898-4abb-a35f-b6917b54b1da",
  "image": "avibdocker.azurecr.io/uniovi-avib-morphingprojections-job-projection",
  "version": "1.9.0",
  "state": "Failed",
  "job_creation_date": {
    "$date": "2024-11-14T13:16:25.597Z"
  },
  "job_finalize_date": {
    "$date": "2024-11-14T13:25:45.594Z"
  },
  "creation_by": "Administrator",
  "creation_date": {
    "$date": "2024-11-14T13:16:25.506Z"
  },
  "updated_by": "Administrator",
  "updated_date": {
    "$date": "2024-11-14T13:25:45.594Z"
  }
},
{
  "_id": {
    "$oid": "6735f8cd69cc071259869c42"
  },
  "case_id": {
    "$oid": "65cdc989fa8c8fdbcefac01e"
  },
  "name": "job-e802d419-6c11-489c-ab3f-0cfdc2897741",
  "image": "avibdocker.azurecr.io/uniovi-avib-morphingprojections-job-projection",
  "version": "1.9.0",
  "state": "Failed",
  "job_creation_date": {
    "$date": "2024-11-14T13:19:09.360Z"
  },
  "job_finalize_date": {
    "$date": "2024-11-14T13:25:49.157Z"
  },
  "creation_by": "Administrator",
  "creation_date": {
    "$date": "2024-11-14T13:19:09.091Z"
  },
  "updated_by": "Administrator",
  "updated_date": {
    "$date": "2024-11-14T13:25:49.157Z"
  }
},
{
  "_id": {
    "$oid": "6735f9c169cc071259869c43"
  },
  "case_id": {
    "$oid": "65cdc989fa8c8fdbcefac01e"
  },
  "name": "job-b0b19cca-56e6-4c18-8b3c-5e1d9fc4ee9a",
  "image": "avibdocker.azurecr.io/uniovi-avib-morphingprojections-job-projection",
  "version": "1.9.0",
  "state": "Failed",
  "job_creation_date": {
    "$date": "2024-11-14T13:23:13.606Z"
  },
  "job_finalize_date": {
    "$date": "2024-11-14T13:25:51.728Z"
  },
  "creation_by": "Administrator",
  "creation_date": {
    "$date": "2024-11-14T13:23:13.550Z"
  },
  "updated_by": "Administrator",
  "updated_date": {
    "$date": "2024-11-14T13:25:51.729Z"
  }
},
{
  "_id": {
    "$oid": "6735fbe169cc071259869c44"
  },
  "case_id": {
    "$oid": "65cdc989fa8c8fdbcefac01e"
  },
  "name": "job-3583d758-bc31-4153-962d-8a6a06a37e43",
  "image": "avibdocker.azurecr.io/uniovi-avib-morphingprojections-job-projection",
  "version": "1.9.0",
  "state": "Failed",
  "job_creation_date": {
    "$date": "2024-11-14T13:32:17.488Z"
  },
  "job_finalize_date": {
    "$date": "2024-11-14T13:32:41.108Z"
  },
  "creation_by": "Administrator",
  "creation_date": {
    "$date": "2024-11-14T13:32:17.410Z"
  },
  "updated_by": "Administrator",
  "updated_date": {
    "$date": "2024-11-14T13:32:41.108Z"
  }
},
{
  "_id": {
    "$oid": "6735fcad69cc071259869c45"
  },
  "case_id": {
    "$oid": "65cdc989fa8c8fdbcefac01e"
  },
  "name": "job-6f5790aa-cc97-43b4-964e-7f24cf070c4d",
  "image": "avibdocker.azurecr.io/uniovi-avib-morphingprojections-job-projection",
  "version": "1.9.0",
  "state": "Failed",
  "job_creation_date": {
    "$date": "2024-11-14T13:35:41.442Z"
  },
  "job_finalize_date": {
    "$date": "2024-11-14T13:36:03.994Z"
  },
  "creation_by": "Administrator",
  "creation_date": {
    "$date": "2024-11-14T13:35:41.386Z"
  },
  "updated_by": "Administrator",
  "updated_date": {
    "$date": "2024-11-14T13:36:03.994Z"
  }
},
{
  "_id": {
    "$oid": "6736009169cc071259869c46"
  },
  "case_id": {
    "$oid": "65cdc989fa8c8fdbcefac01e"
  },
  "name": "job-c9ddd839-b4f2-4801-8dff-056fd59a8a13",
  "image": "avibdocker.azurecr.io/uniovi-avib-morphingprojections-job-projection",
  "version": "1.9.0",
  "state": "Succeeded",
  "job_creation_date": {
    "$date": "2024-11-14T13:52:17.300Z"
  },
  "job_finalize_date": {
    "$date": "2024-11-14T14:52:31.170Z"
  },
  "creation_by": "Administrator",
  "creation_date": {
    "$date": "2024-11-14T13:52:17.245Z"
  },
  "updated_by": "Administrator",
  "updated_date": {
    "$date": "2024-11-14T14:52:31.171Z"
  }
},
{
  "_id": {
    "$oid": "67360a9c69cc071259869c47"
  },
  "case_id": {
    "$oid": "65cdc989fa8c8fdbcefac01e"
  },
  "name": "job-65ca9c73-69a3-42f2-82c4-cc69bef908ab",
  "image": "avibdocker.azurecr.io/uniovi-avib-morphingprojections-job-projection",
  "version": "1.9.0",
  "state": "Succeeded",
  "job_creation_date": {
    "$date": "2024-11-14T14:35:08.635Z"
  },
  "job_finalize_date": {
    "$date": "2024-11-14T14:35:25.632Z"
  },
  "creation_by": "Administrator",
  "creation_date": {
    "$date": "2024-11-14T14:35:08.518Z"
  },
  "updated_by": "Administrator",
  "updated_date": {
    "$date": "2024-11-14T14:35:25.632Z"
  }
}]