[{
  "_id": {
    "$oid": "65cd021098d02623c46da92d"
  },
  "name": "Grupo GSDPI",
  "description": "GSDPI Group from Universidad de Oviedo",
  "creation_date": {
    "$date": "2024-02-13T23:00:00.000Z"
  },
  "creation_by": "Administrator"
},
{
  "_id": {
    "$oid": "65d38ea124c2205890450df6"
  },
  "name": "Grupo ISPA",
  "description": "ISPA Group",
  "creation_date": {
    "$date": "2024-02-13T23:00:00.000Z"
  },
  "creation_by": "Administrator"
},
{
  "_id": {
    "$oid": "66e43cd0d8ef6b3a49002f89"
  },
  "name": "Acme",
  "description": "Acme Grupo Investigación",
  "updated_by": "Administrator",
  "updated_date": {
    "$date": "2024-11-13T12:32:47.281Z"
  }
}]