[{
  "_id": {
    "$oid": "66a90ac9bfb5b24be6ab8216"
  },
  "user_id": {
    "$oid": "66a908d7bfb5b24be6ab8211"
  },
  "organization_id": {
    "$oid": "65cd021098d02623c46da92d"
  },
  "creation_date": {
    "$date": "2024-02-13T23:00:00.000Z"
  },
  "creation_by": "Administrator"
},
{
  "_id": {
    "$oid": "66a90b15bfb5b24be6ab8217"
  },
  "user_id": {
    "$oid": "66a9097cbfb5b24be6ab8212"
  },
  "organization_id": {
    "$oid": "65cd021098d02623c46da92d"
  },
  "creation_date": {
    "$date": "2024-02-13T23:00:00.000Z"
  },
  "creation_by": "Administrator"
},
{
  "_id": {
    "$oid": "66a90b52bfb5b24be6ab8218"
  },
  "user_id": {
    "$oid": "66a909b1bfb5b24be6ab8213"
  },
  "organization_id": {
    "$oid": "65cd021098d02623c46da92d"
  },
  "creation_date": {
    "$date": "2024-02-13T23:00:00.000Z"
  },
  "creation_by": "Administrator"
},
{
  "_id": {
    "$oid": "66a90b66bfb5b24be6ab8219"
  },
  "user_id": {
    "$oid": "66a909e7bfb5b24be6ab8214"
  },
  "organization_id": {
    "$oid": "65cd021098d02623c46da92d"
  },
  "creation_date": {
    "$date": "2024-02-13T23:00:00.000Z"
  },
  "creation_by": "Administrator"
},
{
  "_id": {
    "$oid": "66a90b82bfb5b24be6ab821a"
  },
  "user_id": {
    "$oid": "66a90a0dbfb5b24be6ab8215"
  },
  "organization_id": {
    "$oid": "65cd021098d02623c46da92d"
  },
  "creation_date": {
    "$date": "2024-02-13T23:00:00.000Z"
  },
  "creation_by": "Administrator"
},
{
  "_id": {
    "$oid": "66e868211b1c0341533540e3"
  },
  "organization_id": {
    "$oid": "66e43cd0d8ef6b3a49002f89"
  },
  "user_id": {
    "$oid": "66e868211b1c0341533540e2"
  },
  "creation_by": "Administrator",
  "creation_date": {
    "$date": "2024-09-16T17:17:21.686Z"
  },
  "updated_by": "Administrator",
  "updated_date": {
    "$date": "2024-09-16T17:17:21.686Z"
  }
}]