[{
  "_id": {
    "$oid": "65cdc989fa8c8fdbcefac01e"
  },
  "project_id": {
    "$oid": "65cd05c798d02623c46da92e"
  },
  "image_id": {
    "$oid": "66e998621b1c0341533540f3"
  },
  "name": "Sample Case",
  "description": "A Sample Dataset",
  "type": "private",
  "updated_by": "Administrator",
  "updated_date": {
    "$date": "2024-09-24T16:25:47.671Z"
  }
},
{
  "_id": {
    "$oid": "66085488056b08fae55840e5"
  },
  "project_id": {
    "$oid": "65cd02d9e6ba3947be825ac8"
  },
  "image_id": {
    "$oid": "66e998621b1c0341533540f3"
  },
  "name": "TCGA Genomics Case",
  "description": "The Cancer Genome Atlas Program Genomics",
  "type": "private",
  "updated_by": "Administrator",
  "updated_date": {
    "$date": "2024-09-25T12:12:23.636Z"
  }
},
{
  "_id": {
    "$oid": "6661f0144ae857299432f447"
  },
  "project_id": {
    "$oid": "65cd05c798d02623c46da92e"
  },
  "image_id": {
    "$oid": "66e998621b1c0341533540f3"
  },
  "name": "León Hospital Electrical Case I",
  "description": "León Hospital Electrical Consumption I",
  "type": "private",
  "updated_by": "Administrator",
  "updated_date": {
    "$date": "2024-10-30T15:44:52.464Z"
  }
},
{
  "_id": {
    "$oid": "66e7f1a2cca6ec0705f71fbf"
  },
  "project_id": {
    "$oid": "66e7f195cca6ec0705f71fbe"
  },
  "image_id": {
    "$oid": "66e4437938cd2dfe3061f563"
  },
  "name": "mi_caso",
  "description": "Mi caso",
  "type": "private",
  "updated_by": "Administrator",
  "updated_date": {
    "$date": "2024-11-13T12:34:40.552Z"
  }
},
{
  "_id": {
    "$oid": "6722264f9d6c3964bc73c9bc"
  },
  "project_id": {
    "$oid": "65cd05c798d02623c46da92e"
  },
  "image_id": {
    "$oid": "66e998621b1c0341533540f3"
  },
  "name": "León Hospital Electrical Case II",
  "description": "León Hospital Electrical Consumption II",
  "type": "private",
  "updated_by": "Administrator",
  "updated_date": {
    "$date": "2024-10-30T15:44:58.848Z"
  }
}]