[{
  "_id": {
    "$oid": "66e449fad8ef6b3a49002f8d"
  },
  "case_id": {
    "$oid": "65cdc989fa8c8fdbcefac01e"
  },
  "bucket": "65cd021098d02623c46da92d",
  "file": "65cd05c798d02623c46da92e/65cdc989fa8c8fdbcefac01e/datamatrix.csv",
  "description": "Sample Case Datamatrix",
  "type": "datamatrix",
  "creation_by": "Administrator",
  "creation_date": {
    "$date": "2024-09-13T14:19:38.603Z"
  },
  "updated_by": "Administrator",
  "updated_date": {
    "$date": "2024-09-13T14:19:38.603Z"
  }
},
{
  "_id": {
    "$oid": "66e44b08d8ef6b3a49002f90"
  },
  "case_id": {
    "$oid": "6661f0144ae857299432f447"
  },
  "bucket": "65cd021098d02623c46da92d",
  "file": "65cd02d9e6ba3947be825ac8/6661f0144ae857299432f447/datamatrix.csv",
  "description": "Leon Hospital Case Datamatrix",
  "type": "datamatrix",
  "creation_by": "Administrator",
  "creation_date": {
    "$date": "2024-09-13T14:24:08.510Z"
  },
  "updated_by": "Administrator",
  "updated_date": {
    "$date": "2024-09-13T14:24:08.510Z"
  }
},
{
  "_id": {
    "$oid": "66e44b1dd8ef6b3a49002f91"
  },
  "case_id": {
    "$oid": "6661f0144ae857299432f447"
  },
  "bucket": "65cd021098d02623c46da92d",
  "file": "65cd02d9e6ba3947be825ac8/6661f0144ae857299432f447/sample_annotation.csv",
  "description": "Leon Hospital Case Sample Annotations",
  "type": "sample_annotation",
  "creation_by": "Administrator",
  "creation_date": {
    "$date": "2024-09-13T14:24:29.684Z"
  },
  "updated_by": "Administrator",
  "updated_date": {
    "$date": "2024-09-13T14:24:29.684Z"
  }
},
{
  "_id": {
    "$oid": "66e44c22d8ef6b3a49002f92"
  },
  "case_id": {
    "$oid": "66085488056b08fae55840e5"
  },
  "bucket": "65cd021098d02623c46da92d",
  "file": "65cd02d9e6ba3947be825ac8/66085488056b08fae55840e5/sample_annotation.csv",
  "description": "TCGA Genomics Case Sample Annotations",
  "type": "sample_annotation",
  "creation_by": "Administrator",
  "creation_date": {
    "$date": "2024-09-13T14:28:50.779Z"
  },
  "updated_by": "Administrator",
  "updated_date": {
    "$date": "2024-09-13T14:28:50.779Z"
  }
},
{
  "_id": {
    "$oid": "66e44c3bd8ef6b3a49002f93"
  },
  "case_id": {
    "$oid": "66085488056b08fae55840e5"
  },
  "bucket": "65cd021098d02623c46da92d",
  "file": "65cd02d9e6ba3947be825ac8/66085488056b08fae55840e5/attribute_annotation.csv",
  "description": "Sample Case Attribute Annotations",
  "type": "attribute_annotation",
  "creation_by": "Administrator",
  "creation_date": {
    "$date": "2024-09-13T14:29:15.221Z"
  },
  "updated_by": "Administrator",
  "updated_date": {
    "$date": "2024-09-24T10:44:05.374Z"
  }
},
{
  "_id": {
    "$oid": "66f29d53d0aa861a22e3f5b7"
  },
  "case_id": {
    "$oid": "65cdc989fa8c8fdbcefac01e"
  },
  "bucket": "65cd021098d02623c46da92d",
  "file": "65cd05c798d02623c46da92e/65cdc989fa8c8fdbcefac01e/attribute_annotation.csv",
  "description": "Sample Case Attribute Annotations",
  "type": "attribute_annotation",
  "creation_by": "Administrator",
  "creation_date": {
    "$date": "2024-09-24T11:06:59.665Z"
  },
  "updated_by": "Administrator",
  "updated_date": {
    "$date": "2024-09-24T11:06:59.665Z"
  }
},
{
  "_id": {
    "$oid": "66f29d64d0aa861a22e3f5b8"
  },
  "case_id": {
    "$oid": "65cdc989fa8c8fdbcefac01e"
  },
  "bucket": "65cd021098d02623c46da92d",
  "file": "65cd05c798d02623c46da92e/65cdc989fa8c8fdbcefac01e/sample_precalculated_annotation.csv",
  "description": "Sample Case Precalculated Sample Annotations",
  "type": "sample_precalculated_annotation",
  "creation_by": "Administrator",
  "creation_date": {
    "$date": "2024-09-24T11:07:16.126Z"
  },
  "updated_by": "Administrator",
  "updated_date": {
    "$date": "2024-09-24T11:07:16.126Z"
  }
},
{
  "_id": {
    "$oid": "66f29de0d0aa861a22e3f5b9"
  },
  "case_id": {
    "$oid": "65cdc989fa8c8fdbcefac01e"
  },
  "bucket": "65cd021098d02623c46da92d",
  "file": "65cd05c798d02623c46da92e/65cdc989fa8c8fdbcefac01e/attribute_precalculated_annotation.csv",
  "description": "Sample Case Precalculated Attribute Annotations",
  "type": "attribute_precalculated_annotation",
  "creation_by": "Administrator",
  "creation_date": {
    "$date": "2024-09-24T11:09:20.346Z"
  },
  "updated_by": "Administrator",
  "updated_date": {
    "$date": "2024-09-24T11:09:20.346Z"
  }
},
{
  "_id": {
    "$oid": "66f2d9cafbb98566efea6ba4"
  },
  "case_id": {
    "$oid": "65cdc989fa8c8fdbcefac01e"
  },
  "bucket": "65cd021098d02623c46da92d",
  "file": "65cd05c798d02623c46da92e/65cdc989fa8c8fdbcefac01e/primal_projection.csv",
  "type": "primal_projection",
  "description": "A Sample Dataset Primal Projection",
  "creation_by": "Administrator",
  "creation_date": {
    "$date": "2024-09-24T15:24:58.188Z"
  },
  "updated_by": "Administrator",
  "updated_date": {
    "$date": "2024-11-14T14:35:22.394Z"
  }
},
{
  "_id": {
    "$oid": "66f2d9cbfbb98566efea6ba5"
  },
  "case_id": {
    "$oid": "65cdc989fa8c8fdbcefac01e"
  },
  "bucket": "65cd021098d02623c46da92d",
  "file": "65cd05c798d02623c46da92e/65cdc989fa8c8fdbcefac01e/dual_projection.csv",
  "type": "dual_projection",
  "description": "A Sample Dataset Dual Projection",
  "creation_by": "Administrator",
  "creation_date": {
    "$date": "2024-09-24T15:24:59.086Z"
  },
  "updated_by": "Administrator",
  "updated_date": {
    "$date": "2024-09-24T16:26:04.888Z"
  }
},
{
  "_id": {
    "$oid": "66f2eefe67ff2511892c3b5c"
  },
  "case_id": {
    "$oid": "6661f0144ae857299432f447"
  },
  "bucket": "65cd021098d02623c46da92d",
  "file": "65cd02d9e6ba3947be825ac8/6661f0144ae857299432f447/primal_projection.csv",
  "type": "primal_projection",
  "description": "León Hospital Electrical Consumption Primal Projection",
  "creation_by": "Administrator",
  "creation_date": {
    "$date": "2024-09-24T16:55:26.954Z"
  },
  "updated_by": "Administrator",
  "updated_date": {
    "$date": "2024-09-24T17:27:56.969Z"
  }
},
{
  "_id": {
    "$oid": "672226949d6c3964bc73c9bd"
  },
  "case_id": {
    "$oid": "6722264f9d6c3964bc73c9bc"
  },
  "bucket": "65cd021098d02623c46da92d",
  "file": "65cd02d9e6ba3947be825ac8/6722264f9d6c3964bc73c9bc/datamatrix.csv",
  "description": "30-10-2024",
  "type": "datamatrix",
  "creation_by": "Administrator",
  "creation_date": {
    "$date": "2024-10-30T12:29:08.709Z"
  },
  "updated_by": "Administrator",
  "updated_date": {
    "$date": "2024-10-30T12:29:08.709Z"
  }
},
{
  "_id": {
    "$oid": "672226b19d6c3964bc73c9be"
  },
  "case_id": {
    "$oid": "6722264f9d6c3964bc73c9bc"
  },
  "bucket": "65cd021098d02623c46da92d",
  "file": "65cd02d9e6ba3947be825ac8/6722264f9d6c3964bc73c9bc/sample_annotations.csv",
  "description": "30-10-2024",
  "type": "sample_annotation",
  "creation_by": "Administrator",
  "creation_date": {
    "$date": "2024-10-30T12:29:37.614Z"
  },
  "updated_by": "Administrator",
  "updated_date": {
    "$date": "2024-10-30T12:29:37.614Z"
  }
},
{
  "_id": {
    "$oid": "672226c49d6c3964bc73c9bf"
  },
  "case_id": {
    "$oid": "6722264f9d6c3964bc73c9bc"
  },
  "bucket": "65cd021098d02623c46da92d",
  "file": "65cd02d9e6ba3947be825ac8/6722264f9d6c3964bc73c9bc/sample_precalculated_annotation.csv",
  "description": "30-10-2024",
  "type": "sample_precalculated_annotation",
  "creation_by": "Administrator",
  "creation_date": {
    "$date": "2024-10-30T12:29:56.605Z"
  },
  "updated_by": "Administrator",
  "updated_date": {
    "$date": "2024-10-30T12:29:56.605Z"
  }
},
{
  "_id": {
    "$oid": "67222c1c92f8577b747785cc"
  },
  "case_id": {
    "$oid": "6722264f9d6c3964bc73c9bc"
  },
  "bucket": "65cd021098d02623c46da92d",
  "file": "65cd02d9e6ba3947be825ac8/6722264f9d6c3964bc73c9bc/primal_projection.csv",
  "type": "primal_projection",
  "description": "León Hospital Electrical Case II Primal Projection",
  "creation_by": "Administrator",
  "creation_date": {
    "$date": "2024-10-30T13:52:44.539Z"
  }
},
{
  "_id": {
    "$oid": "67360a65b8a6ba0452a6397f"
  },
  "case_id": {
    "$oid": "65cdc989fa8c8fdbcefac01e"
  },
  "bucket": "65cd021098d02623c46da92d",
  "file": "65cd05c798d02623c46da92e/65cdc989fa8c8fdbcefac01e/sample_annotation.csv",
  "description": "Sample Case Sample Annotations",
  "type": "sample_annotation",
  "creation_by": "Administrator",
  "creation_date": {
    "$date": "2024-11-14T14:34:13.006Z"
  },
  "updated_by": "Administrator",
  "updated_date": {
    "$date": "2024-11-14T14:34:13.006Z"
  }
}]