[{
  "_id": {
    "$oid": "65cdc989fa8c8fdbcefac01e"
  },
  "project_id": {
    "$oid": "65cd05c798d02623c46da92e"
  },
  "image_id": {
    "$oid": "66e998621b1c0341533540f3"
  },
  "name": "Sample Case",
  "description": "A Sample Dataset",
  "type": "private",
  "updated_by": "Administrator",
  "updated_date": {
    "$date": "2024-09-24T16:25:47.671Z"
  }
},
{
  "_id": {
    "$oid": "66085488056b08fae55840e5"
  },
  "project_id": {
    "$oid": "65cd02d9e6ba3947be825ac8"
  },
  "image_id": {
    "$oid": "66e998621b1c0341533540f3"
  },
  "name": "TCGA Genomics Case I",
  "description": "The Cancer Genome Atlas Program Genomics projected with t-SNE",
  "type": "private",
  "updated_by": "Administrator",
  "updated_date": {
    "$date": "2024-11-19T17:25:40.517Z"
  }
},
{
  "_id": {
    "$oid": "6661f0144ae857299432f447"
  },
  "project_id": {
    "$oid": "65cd05c798d02623c46da92e"
  },
  "image_id": {
    "$oid": "66e998621b1c0341533540f3"
  },
  "name": "León Hospital Electrical Case I",
  "description": "León Hospital Electrical Consumption I",
  "type": "private",
  "updated_by": "Administrator",
  "updated_date": {
    "$date": "2024-11-06T18:42:29.235Z"
  }
},
{
  "_id": {
    "$oid": "66e7f1a2cca6ec0705f71fbf"
  },
  "project_id": {
    "$oid": "66e7f195cca6ec0705f71fbe"
  },
  "image_id": {
    "$oid": "66e4437938cd2dfe3061f563"
  },
  "name": "my-case",
  "description": "My Case",
  "type": "private",
  "creation_by": "Administrator",
  "creation_date": {
    "$date": "2024-09-16T08:51:46.950Z"
  },
  "updated_by": "Administrator",
  "updated_date": {
    "$date": "2024-09-16T08:51:46.950Z"
  }
},
{
  "_id": {
    "$oid": "67221167e46c5559ddb9841a"
  },
  "project_id": {
    "$oid": "65cd05c798d02623c46da92e"
  },
  "image_id": {
    "$oid": "66e998621b1c0341533540f3"
  },
  "name": "León Hospital Electrical Case II",
  "description": "Datos de armónicos sin normalizar",
  "type": "private",
  "updated_by": "Administrator",
  "updated_date": {
    "$date": "2024-11-06T18:42:43.651Z"
  }
},
{
  "_id": {
    "$oid": "673cca25b9733f6079591418"
  },
  "project_id": {
    "$oid": "65cd02d9e6ba3947be825ac8"
  },
  "image_id": {
    "$oid": "66e998621b1c0341533540f3"
  },
  "name": "TCGA Genomics Case II",
  "description": "The Cancer Genome Atlas Program Genomics projected with precalculated data: t-SNE and UMAP",
  "type": "private",
  "updated_by": "Administrator",
  "updated_date": {
    "$date": "2024-11-19T17:26:29.653Z"
  }
}]