[{
  "_id": {
    "$oid": "66e471419281e41d2dedffdd"
  },
  "case_id": {
    "$oid": "65cdc989fa8c8fdbcefac01e"
  },
  "name": "job-d88e01c1-287a-4c2d-924a-3de1bb037050",
  "image": "busybox",
  "version": "1.36.1",
  "state": "Succeeded",
  "job_creation_date": {
    "$date": "2024-09-13T18:09:16.282Z"
  },
  "job_finalize_date": {
    "$date": "2024-09-13T18:11:17.030Z"
  },
  "creation_by": "Administrator",
  "creation_date": {
    "$date": "2024-09-13T17:07:13.626Z"
  },
  "updated_by": "Administrator",
  "updated_date": {
    "$date": "2024-09-13T18:09:17.031Z"
  }
},
{
  "_id": {
    "$oid": "66e7f1bc26441f36e8b07e85"
  },
  "case_id": {
    "$oid": "66e7f1a2cca6ec0705f71fbf"
  },
  "name": "job-87799053-3a2b-4952-b70c-b92841a47ec5",
  "image": "busybox",
  "version": "1.36.1",
  "state": "Succeeded",
  "job_creation_date": {
    "$date": "2024-09-16T08:54:14.703Z"
  },
  "job_finalize_date": {
    "$date": "2024-09-16T09:56:15.019Z"
  },
  "creation_by": "Administrator",
  "creation_date": {
    "$date": "2024-09-16T08:52:12.116Z"
  },
  "updated_by": "Administrator",
  "updated_date": {
    "$date": "2024-09-16T09:54:15.020Z"
  }
},
{
  "_id": {
    "$oid": "66e862d4ba6da8222d7f4e27"
  },
  "case_id": {
    "$oid": "66085488056b08fae55840e5"
  },
  "name": "job-88d33d81-f676-4048-800c-b93b4a7fe3a2",
  "image": "busybox",
  "version": "1.36.1",
  "state": "Succeeded",
  "job_creation_date": {
    "$date": "2024-09-16T18:32:46.525Z"
  },
  "job_finalize_date": {
    "$date": "2024-09-16T18:35:47.021Z"
  },
  "creation_by": "Administrator",
  "creation_date": {
    "$date": "2024-09-16T16:54:44.168Z"
  },
  "updated_by": "Administrator",
  "updated_date": {
    "$date": "2024-09-16T17:56:47.022Z"
  }
},
{
  "_id": {
    "$oid": "66e939a0ba6da8222d7f4e2d"
  },
  "case_id": {
    "$oid": "65cdc989fa8c8fdbcefac01e"
  },
  "name": "job-5fa88afa-754d-4073-9117-295f7bd0e749",
  "image": "busybox",
  "version": "1.36.1",
  "state": "Succeeded",
  "job_creation_date": {
    "$date": "2024-09-17T08:11:19.911Z"
  },
  "job_finalize_date": {
    "$date": "2024-09-17T09:13:15.011Z"
  },
  "creation_by": "Administrator",
  "creation_date": {
    "$date": "2024-09-17T08:11:12.366Z"
  },
  "updated_by": "Administrator",
  "updated_date": {
    "$date": "2024-09-17T09:13:15.011Z"
  }
},
{
  "_id": {
    "$oid": "66e93b35ba6da8222d7f4e2e"
  },
  "case_id": {
    "$oid": "6661f0144ae857299432f447"
  },
  "name": "job-bff2ca28-afa0-41f5-97c4-b19df32796a9",
  "image": "busybox",
  "version": "1.36.1",
  "state": "Succeeded",
  "job_creation_date": {
    "$date": "2024-09-17T08:17:57.736Z"
  },
  "job_finalize_date": {
    "$date": "2024-09-17T09:20:01.012Z"
  },
  "creation_by": "Administrator",
  "creation_date": {
    "$date": "2024-09-17T08:17:57.682Z"
  },
  "updated_by": "Administrator",
  "updated_date": {
    "$date": "2024-09-17T09:20:01.013Z"
  }
},
{
  "_id": {
    "$oid": "66e97e8eba6da8222d7f4e2f"
  },
  "case_id": {
    "$oid": "6661f0144ae857299432f447"
  },
  "name": "job-5f05a367-7bf9-4dae-9f6c-b4a34297621a",
  "image": "busybox",
  "version": "1.36.1",
  "state": "Succeeded",
  "job_creation_date": {
    "$date": "2024-09-17T13:05:19.070Z"
  },
  "job_finalize_date": {
    "$date": "2024-09-17T14:07:22.017Z"
  },
  "creation_by": "Administrator",
  "creation_date": {
    "$date": "2024-09-17T13:05:18.972Z"
  },
  "updated_by": "Administrator",
  "updated_date": {
    "$date": "2024-09-17T14:07:22.017Z"
  }
},
{
  "_id": {
    "$oid": "66e9829fba6da8222d7f4e31"
  },
  "case_id": {
    "$oid": "6661f0144ae857299432f447"
  },
  "name": "job-869254de-2bf5-4919-b208-f812abb3d31a",
  "image": "busybox",
  "version": "1.36.1",
  "state": "Succeeded",
  "job_creation_date": {
    "$date": "2024-09-17T13:22:39.732Z"
  },
  "job_finalize_date": {
    "$date": "2024-09-17T14:24:42.012Z"
  },
  "creation_by": "Administrator",
  "creation_date": {
    "$date": "2024-09-17T13:22:39.600Z"
  },
  "updated_by": "Administrator",
  "updated_date": {
    "$date": "2024-09-17T14:24:42.012Z"
  }
},
{
  "_id": {
    "$oid": "66e9ad90cff14a0f0929d599"
  },
  "case_id": {
    "$oid": "65cdc989fa8c8fdbcefac01e"
  },
  "name": "job-5eaf80f5-931e-427c-999f-e36f1e1a67cd",
  "image": "avibdocker.azurecr.io/uniovi-avib-morphingprojections-job-projection",
  "version": "1.5.0",
  "state": "Succeeded",
  "job_creation_date": {
    "$date": "2024-09-17T16:26:11.307Z"
  },
  "job_finalize_date": {
    "$date": "2024-09-17T16:26:21.025Z"
  },
  "creation_by": "Administrator",
  "creation_date": {
    "$date": "2024-09-17T16:25:52.406Z"
  },
  "updated_by": "Administrator",
  "updated_date": {
    "$date": "2024-09-17T16:26:21.026Z"
  }
},
{
  "_id": {
    "$oid": "66e9ae0acff14a0f0929d59a"
  },
  "case_id": {
    "$oid": "65cdc989fa8c8fdbcefac01e"
  },
  "name": "job-f336c1b0-5bf2-4f16-9083-50ba7514703f",
  "image": "avibdocker.azurecr.io/uniovi-avib-morphingprojections-job-projection",
  "version": "1.5.0",
  "state": "Succeeded",
  "job_creation_date": {
    "$date": "2024-09-17T16:28:22.325Z"
  },
  "job_finalize_date": {
    "$date": "2024-09-17T16:28:31.815Z"
  },
  "creation_by": "Administrator",
  "creation_date": {
    "$date": "2024-09-17T16:27:54.588Z"
  },
  "updated_by": "Administrator",
  "updated_date": {
    "$date": "2024-09-17T16:28:31.816Z"
  }
},
{
  "_id": {
    "$oid": "66e9b09acff14a0f0929d5a1"
  },
  "case_id": {
    "$oid": "65cdc989fa8c8fdbcefac01e"
  },
  "name": "job-904ca0d2-b86f-4a99-88c2-f67d13c849b9",
  "image": "avibdocker.azurecr.io/uniovi-avib-morphingprojections-job-projection",
  "version": "1.5.0",
  "state": "Succeeded",
  "job_creation_date": {
    "$date": "2024-09-17T16:38:50.237Z"
  },
  "job_finalize_date": {
    "$date": "2024-09-17T17:38:59.014Z"
  },
  "creation_by": "Administrator",
  "creation_date": {
    "$date": "2024-09-17T16:38:50.094Z"
  },
  "updated_by": "Administrator",
  "updated_date": {
    "$date": "2024-09-17T17:38:59.031Z"
  }
},
{
  "_id": {
    "$oid": "66e9b10ccff14a0f0929d5a2"
  },
  "case_id": {
    "$oid": "65cdc989fa8c8fdbcefac01e"
  },
  "name": "job-53dd65ba-d933-4afa-b202-8971c4ae4359",
  "image": "avibdocker.azurecr.io/uniovi-avib-morphingprojections-job-projection",
  "version": "1.5.0",
  "state": "Succeeded",
  "job_creation_date": {
    "$date": "2024-09-17T16:40:44.198Z"
  },
  "job_finalize_date": {
    "$date": "2024-09-17T17:41:11.466Z"
  },
  "creation_by": "Administrator",
  "creation_date": {
    "$date": "2024-09-17T16:40:44.143Z"
  },
  "updated_by": "Administrator",
  "updated_date": {
    "$date": "2024-09-17T17:41:11.467Z"
  }
},
{
  "_id": {
    "$oid": "66e9b13ccff14a0f0929d5a4"
  },
  "case_id": {
    "$oid": "65cdc989fa8c8fdbcefac01e"
  },
  "name": "job-96fa5015-c037-4ea8-8708-dd74a97e10d5",
  "image": "avibdocker.azurecr.io/uniovi-avib-morphingprojections-job-projection",
  "version": "1.5.0",
  "state": "Succeeded",
  "job_creation_date": {
    "$date": "2024-09-17T16:41:32.668Z"
  },
  "job_finalize_date": {
    "$date": "2024-09-17T16:41:41.405Z"
  },
  "creation_by": "Administrator",
  "creation_date": {
    "$date": "2024-09-17T16:41:32.609Z"
  },
  "updated_by": "Administrator",
  "updated_date": {
    "$date": "2024-09-17T16:41:41.406Z"
  }
},
{
  "_id": {
    "$oid": "66e9b756cff14a0f0929d5a5"
  },
  "case_id": {
    "$oid": "65cdc989fa8c8fdbcefac01e"
  },
  "name": "job-165cd302-978c-4a57-9199-b7135d3b5e08",
  "image": "avibdocker.azurecr.io/uniovi-avib-morphingprojections-job-projection",
  "version": "1.5.0",
  "state": "Succeeded",
  "job_creation_date": {
    "$date": "2024-09-17T17:07:34.918Z"
  },
  "job_finalize_date": {
    "$date": "2024-09-17T17:07:46.403Z"
  },
  "creation_by": "Administrator",
  "creation_date": {
    "$date": "2024-09-17T17:07:34.836Z"
  },
  "updated_by": "Administrator",
  "updated_date": {
    "$date": "2024-09-17T17:07:46.403Z"
  }
},
{
  "_id": {
    "$oid": "66e9b82bcff14a0f0929d5a7"
  },
  "case_id": {
    "$oid": "65cdc989fa8c8fdbcefac01e"
  },
  "name": "job-32e1b89c-4b8b-4ac6-a7e2-f753b38e4d96",
  "image": "avibdocker.azurecr.io/uniovi-avib-morphingprojections-job-projection",
  "version": "1.5.0",
  "state": "Succeeded",
  "job_creation_date": {
    "$date": "2024-09-17T17:11:07.953Z"
  },
  "job_finalize_date": {
    "$date": "2024-09-17T17:11:17.731Z"
  },
  "creation_by": "Administrator",
  "creation_date": {
    "$date": "2024-09-17T17:11:07.803Z"
  },
  "updated_by": "Administrator",
  "updated_date": {
    "$date": "2024-09-17T17:11:17.731Z"
  }
},
{
  "_id": {
    "$oid": "66e9c3d2a79c594938ab23e5"
  },
  "case_id": {
    "$oid": "65cdc989fa8c8fdbcefac01e"
  },
  "name": "job-d9a43885-87b0-4da0-808e-5c00b0fed538",
  "image": "avibdocker.azurecr.io/uniovi-avib-morphingprojections-job-projection",
  "version": "1.5.0",
  "state": "Failed",
  "job_creation_date": {
    "$date": "2024-09-17T18:00:50.124Z"
  },
  "job_finalize_date": {
    "$date": "2024-09-17T18:05:00.075Z"
  },
  "creation_by": "Administrator",
  "creation_date": {
    "$date": "2024-09-17T18:00:50.059Z"
  },
  "updated_by": "Administrator",
  "updated_date": {
    "$date": "2024-09-17T18:05:00.075Z"
  }
},
{
  "_id": {
    "$oid": "66ea735d7e1a837ac90356dc"
  },
  "case_id": {
    "$oid": "65cdc989fa8c8fdbcefac01e"
  },
  "name": "job-008c1bd4-70cf-4bf4-8731-43d1bf8d6f94",
  "image": "avibdocker.azurecr.io/uniovi-avib-morphingprojections-job-projection",
  "version": "1.5.0",
  "state": "Succeeded",
  "job_creation_date": {
    "$date": "2024-09-18T06:29:49.552Z"
  },
  "job_finalize_date": {
    "$date": "2024-09-18T07:30:01.024Z"
  },
  "creation_by": "Administrator",
  "creation_date": {
    "$date": "2024-09-18T06:29:49.197Z"
  },
  "updated_by": "Administrator",
  "updated_date": {
    "$date": "2024-09-18T07:30:01.024Z"
  }
},
{
  "_id": {
    "$oid": "66ea74797e1a837ac90356dd"
  },
  "case_id": {
    "$oid": "65cdc989fa8c8fdbcefac01e"
  },
  "name": "job-5e53c09d-023b-4a8a-88bd-5297d6b4e4d4",
  "image": "avibdocker.azurecr.io/uniovi-avib-morphingprojections-job-projection",
  "version": "1.6.0",
  "state": "Succeeded",
  "job_creation_date": {
    "$date": "2024-09-18T06:34:33.153Z"
  },
  "job_finalize_date": {
    "$date": "2024-09-18T07:34:42.021Z"
  },
  "creation_by": "Administrator",
  "creation_date": {
    "$date": "2024-09-18T06:34:33.029Z"
  },
  "updated_by": "Administrator",
  "updated_date": {
    "$date": "2024-09-18T07:34:42.021Z"
  }
},
{
  "_id": {
    "$oid": "66ea77a37e1a837ac90356de"
  },
  "case_id": {
    "$oid": "65cdc989fa8c8fdbcefac01e"
  },
  "name": "job-518604af-9f13-4fd5-a80e-8802e1bfe24c",
  "image": "avibdocker.azurecr.io/uniovi-avib-morphingprojections-job-projection",
  "version": "1.7.0",
  "state": "Succeeded",
  "job_creation_date": {
    "$date": "2024-09-18T06:48:03.625Z"
  },
  "job_finalize_date": {
    "$date": "2024-09-18T07:48:14.016Z"
  },
  "creation_by": "Administrator",
  "creation_date": {
    "$date": "2024-09-18T06:48:03.562Z"
  },
  "updated_by": "Administrator",
  "updated_date": {
    "$date": "2024-09-18T07:48:14.016Z"
  }
},
{
  "_id": {
    "$oid": "66ea78927e1a837ac90356df"
  },
  "case_id": {
    "$oid": "65cdc989fa8c8fdbcefac01e"
  },
  "name": "job-5c810623-a685-4d46-9a3e-898543d2f85f",
  "image": "avibdocker.azurecr.io/uniovi-avib-morphingprojections-job-projection",
  "version": "1.7.0",
  "state": "Succeeded",
  "job_creation_date": {
    "$date": "2024-09-18T06:52:02.352Z"
  },
  "job_finalize_date": {
    "$date": "2024-09-18T07:52:11.012Z"
  },
  "creation_by": "Administrator",
  "creation_date": {
    "$date": "2024-09-18T06:52:02.295Z"
  },
  "updated_by": "Administrator",
  "updated_date": {
    "$date": "2024-09-18T07:52:11.012Z"
  }
},
{
  "_id": {
    "$oid": "66ea79e27e1a837ac90356e0"
  },
  "case_id": {
    "$oid": "65cdc989fa8c8fdbcefac01e"
  },
  "name": "job-66e5ae87-ce2f-4db6-8b55-a382a9a76811",
  "image": "avibdocker.azurecr.io/uniovi-avib-morphingprojections-job-projection",
  "version": "1.7.0",
  "state": "Succeeded",
  "job_creation_date": {
    "$date": "2024-09-18T06:57:39.029Z"
  },
  "job_finalize_date": {
    "$date": "2024-09-18T07:57:49.017Z"
  },
  "creation_by": "Administrator",
  "creation_date": {
    "$date": "2024-09-18T06:57:38.966Z"
  },
  "updated_by": "Administrator",
  "updated_date": {
    "$date": "2024-09-18T07:57:49.017Z"
  }
},
{
  "_id": {
    "$oid": "66ea7b177e1a837ac90356e2"
  },
  "case_id": {
    "$oid": "65cdc989fa8c8fdbcefac01e"
  },
  "name": "job-70f148d9-ce85-4eee-bbe8-98b1d21a7200",
  "image": "avibdocker.azurecr.io/uniovi-avib-morphingprojections-job-projection",
  "version": "1.7.0",
  "state": "Succeeded",
  "job_creation_date": {
    "$date": "2024-09-18T07:02:47.356Z"
  },
  "job_finalize_date": {
    "$date": "2024-09-18T08:02:57.015Z"
  },
  "creation_by": "Administrator",
  "creation_date": {
    "$date": "2024-09-18T07:02:47.285Z"
  },
  "updated_by": "Administrator",
  "updated_date": {
    "$date": "2024-09-18T08:02:57.016Z"
  }
},
{
  "_id": {
    "$oid": "66ec4a487e1a837ac90356e3"
  },
  "case_id": {
    "$oid": "65cdc989fa8c8fdbcefac01e"
  },
  "name": "job-dda62311-6aaa-4dc4-89a3-6ffd9fdb0e52",
  "image": "avibdocker.azurecr.io/uniovi-avib-morphingprojections-job-projection",
  "version": "1.7.0",
  "state": "Succeeded",
  "job_creation_date": {
    "$date": "2024-09-19T15:59:04.619Z"
  },
  "job_finalize_date": {
    "$date": "2024-09-19T16:59:15.021Z"
  },
  "creation_by": "Administrator",
  "creation_date": {
    "$date": "2024-09-19T15:59:04.514Z"
  },
  "updated_by": "Administrator",
  "updated_date": {
    "$date": "2024-09-19T16:59:15.022Z"
  }
},
{
  "_id": {
    "$oid": "66ed5d267e1a837ac90356e4"
  },
  "case_id": {
    "$oid": "65cdc989fa8c8fdbcefac01e"
  },
  "name": "job-1cd0b4aa-0c2e-4a7b-9a66-0d803bf9ce8d",
  "image": "avibdocker.azurecr.io/uniovi-avib-morphingprojections-job-projection",
  "version": "1.7.0",
  "state": "Succeeded",
  "job_creation_date": {
    "$date": "2024-09-20T11:31:50.930Z"
  },
  "job_finalize_date": {
    "$date": "2024-09-20T12:32:02.030Z"
  },
  "creation_by": "Administrator",
  "creation_date": {
    "$date": "2024-09-20T11:31:50.860Z"
  },
  "updated_by": "Administrator",
  "updated_date": {
    "$date": "2024-09-20T12:32:02.031Z"
  }
},
{
  "_id": {
    "$oid": "66ed91e07e1a837ac90356e5"
  },
  "case_id": {
    "$oid": "65cdc989fa8c8fdbcefac01e"
  },
  "name": "job-447b491f-6e1e-4359-ad9a-176bbb9774a1",
  "image": "avibdocker.azurecr.io/uniovi-avib-morphingprojections-job-projection",
  "version": "1.7.0",
  "state": "Failed",
  "job_creation_date": {
    "$date": "2024-09-20T15:16:48.249Z"
  },
  "job_finalize_date": {
    "$date": "2024-09-20T15:17:34.736Z"
  },
  "creation_by": "Administrator",
  "creation_date": {
    "$date": "2024-09-20T15:16:48.188Z"
  },
  "updated_by": "Administrator",
  "updated_date": {
    "$date": "2024-09-20T15:17:34.737Z"
  }
},
{
  "_id": {
    "$oid": "66ed92387e1a837ac90356e6"
  },
  "case_id": {
    "$oid": "65cdc989fa8c8fdbcefac01e"
  },
  "name": "job-4a935fc6-7d6a-4b7d-9b66-35f7397b55c1",
  "image": "avibdocker.azurecr.io/uniovi-avib-morphingprojections-job-projection",
  "version": "1.7.0",
  "state": "Succeeded",
  "job_creation_date": {
    "$date": "2024-09-20T15:18:16.487Z"
  },
  "job_finalize_date": {
    "$date": "2024-09-20T16:18:28.035Z"
  },
  "creation_by": "Administrator",
  "creation_date": {
    "$date": "2024-09-20T15:18:16.449Z"
  },
  "updated_by": "Administrator",
  "updated_date": {
    "$date": "2024-09-20T16:18:28.036Z"
  }
},
{
  "_id": {
    "$oid": "66ed94447e1a837ac90356e7"
  },
  "case_id": {
    "$oid": "65cdc989fa8c8fdbcefac01e"
  },
  "name": "job-76d0ff59-168a-42cd-a65f-fab66cc7edaf",
  "image": "avibdocker.azurecr.io/uniovi-avib-morphingprojections-job-projection",
  "version": "1.7.0",
  "state": "Succeeded",
  "job_creation_date": {
    "$date": "2024-09-20T15:27:00.588Z"
  },
  "job_finalize_date": {
    "$date": "2024-09-20T16:27:16.014Z"
  },
  "creation_by": "Administrator",
  "creation_date": {
    "$date": "2024-09-20T15:27:00.527Z"
  },
  "updated_by": "Administrator",
  "updated_date": {
    "$date": "2024-09-20T16:27:16.014Z"
  }
},
{
  "_id": {
    "$oid": "66f1a633eaa9dd582ba25967"
  },
  "case_id": {
    "$oid": "65cdc989fa8c8fdbcefac01e"
  },
  "name": "job-d610536a-05a7-4615-8b9e-0575f2d6a5ac",
  "image": "avibdocker.azurecr.io/uniovi-avib-morphingprojections-job-projection",
  "version": "1.7.0",
  "state": "Succeeded",
  "job_creation_date": {
    "$date": "2024-09-23T17:32:36.034Z"
  },
  "job_finalize_date": {
    "$date": "2024-09-23T18:32:54.028Z"
  },
  "creation_by": "Administrator",
  "creation_date": {
    "$date": "2024-09-23T17:32:35.843Z"
  },
  "updated_by": "Administrator",
  "updated_date": {
    "$date": "2024-09-23T18:32:54.029Z"
  }
},
{
  "_id": {
    "$oid": "66f1a663eaa9dd582ba25968"
  },
  "case_id": {
    "$oid": "65cdc989fa8c8fdbcefac01e"
  },
  "name": "job-b83cab20-0893-45ea-9974-a90e4dc547e3",
  "image": "avibdocker.azurecr.io/uniovi-avib-morphingprojections-job-projection",
  "version": "1.7.0",
  "state": "Succeeded",
  "job_creation_date": {
    "$date": "2024-09-23T17:33:23.888Z"
  },
  "job_finalize_date": {
    "$date": "2024-09-23T18:33:40.013Z"
  },
  "creation_by": "Administrator",
  "creation_date": {
    "$date": "2024-09-23T17:33:23.849Z"
  },
  "updated_by": "Administrator",
  "updated_date": {
    "$date": "2024-09-23T18:33:40.014Z"
  }
},
{
  "_id": {
    "$oid": "66f2769ceaa9dd582ba25969"
  },
  "case_id": {
    "$oid": "65cdc989fa8c8fdbcefac01e"
  },
  "name": "job-3ef6b97b-4cae-4518-b08a-0b11bd0cef75",
  "image": "avibdocker.azurecr.io/uniovi-avib-morphingprojections-job-projection",
  "version": "1.7.0",
  "state": "Succeeded",
  "job_creation_date": {
    "$date": "2024-09-24T08:21:48.994Z"
  },
  "job_finalize_date": {
    "$date": "2024-09-24T09:22:04.019Z"
  },
  "creation_by": "Administrator",
  "creation_date": {
    "$date": "2024-09-24T08:21:48.906Z"
  },
  "updated_by": "Administrator",
  "updated_date": {
    "$date": "2024-09-24T09:22:04.020Z"
  }
},
{
  "_id": {
    "$oid": "66f294afeaa9dd582ba2596a"
  },
  "case_id": {
    "$oid": "65cdc989fa8c8fdbcefac01e"
  },
  "name": "job-0dfad626-f4ba-48f6-93ab-c3dc2d0e1426",
  "image": "avibdocker.azurecr.io/uniovi-avib-morphingprojections-job-projection",
  "version": "1.7.0",
  "state": "Succeeded",
  "job_creation_date": {
    "$date": "2024-09-24T10:30:07.853Z"
  },
  "job_finalize_date": {
    "$date": "2024-09-24T11:30:23.015Z"
  },
  "creation_by": "Administrator",
  "creation_date": {
    "$date": "2024-09-24T10:30:07.778Z"
  },
  "updated_by": "Administrator",
  "updated_date": {
    "$date": "2024-09-24T11:30:23.016Z"
  }
},
{
  "_id": {
    "$oid": "66f295efeaa9dd582ba2596b"
  },
  "case_id": {
    "$oid": "65cdc989fa8c8fdbcefac01e"
  },
  "name": "job-2d3b7f8f-cd3b-4bad-9253-bf8fd9adf0ee",
  "image": "avibdocker.azurecr.io/uniovi-avib-morphingprojections-job-projection",
  "version": "1.7.0",
  "state": "Failed",
  "job_creation_date": {
    "$date": "2024-09-24T10:35:27.574Z"
  },
  "job_finalize_date": {
    "$date": "2024-09-24T11:46:24.012Z"
  },
  "creation_by": "Administrator",
  "creation_date": {
    "$date": "2024-09-24T10:35:27.514Z"
  },
  "updated_by": "Administrator",
  "updated_date": {
    "$date": "2024-09-24T11:46:24.012Z"
  }
},
{
  "_id": {
    "$oid": "66f29db5f30666413e2cbd67"
  },
  "case_id": {
    "$oid": "65cdc989fa8c8fdbcefac01e"
  },
  "name": "job-0839153a-03fe-4338-9b25-fda1f2bd0d46",
  "image": "avibdocker.azurecr.io/uniovi-avib-morphingprojections-job-projection",
  "version": "1.7.0",
  "state": "Succeeded",
  "job_creation_date": {
    "$date": "2024-09-24T11:08:38.082Z"
  },
  "job_finalize_date": {
    "$date": "2024-09-24T12:08:52.013Z"
  },
  "creation_by": "Administrator",
  "creation_date": {
    "$date": "2024-09-24T11:08:37.723Z"
  },
  "updated_by": "Administrator",
  "updated_date": {
    "$date": "2024-09-24T12:08:52.013Z"
  }
},
{
  "_id": {
    "$oid": "66f29dedf30666413e2cbd68"
  },
  "case_id": {
    "$oid": "65cdc989fa8c8fdbcefac01e"
  },
  "name": "job-6289a15e-4dcf-413b-a098-ac6e68b6d87e",
  "image": "avibdocker.azurecr.io/uniovi-avib-morphingprojections-job-projection",
  "version": "1.7.0",
  "state": "Succeeded",
  "job_creation_date": {
    "$date": "2024-09-24T11:09:33.807Z"
  },
  "job_finalize_date": {
    "$date": "2024-09-24T12:09:49.014Z"
  },
  "creation_by": "Administrator",
  "creation_date": {
    "$date": "2024-09-24T11:09:33.762Z"
  },
  "updated_by": "Administrator",
  "updated_date": {
    "$date": "2024-09-24T12:09:49.015Z"
  }
},
{
  "_id": {
    "$oid": "66f2c25ba57d88770025e4c2"
  },
  "case_id": {
    "$oid": "65cdc989fa8c8fdbcefac01e"
  },
  "name": "job-d3f1025e-82c5-45a0-b47a-aee4fa20d6d9",
  "image": "avibdocker.azurecr.io/uniovi-avib-morphingprojections-job-projection",
  "version": "1.7.0",
  "state": "Succeeded",
  "job_creation_date": {
    "$date": "2024-09-24T13:45:00.303Z"
  },
  "job_finalize_date": {
    "$date": "2024-09-24T14:45:13.030Z"
  },
  "creation_by": "Administrator",
  "creation_date": {
    "$date": "2024-09-24T13:44:59.841Z"
  },
  "updated_by": "Administrator",
  "updated_date": {
    "$date": "2024-09-24T14:45:13.030Z"
  }
},
{
  "_id": {
    "$oid": "66f2d989a57d88770025e4c3"
  },
  "case_id": {
    "$oid": "65cdc989fa8c8fdbcefac01e"
  },
  "name": "job-e8076582-1682-4ed7-855b-a7a8b7b9b72b",
  "image": "avibdocker.azurecr.io/uniovi-avib-morphingprojections-job-projection",
  "version": "1.8.0",
  "state": "Succeeded",
  "job_creation_date": {
    "$date": "2024-09-24T15:23:54.039Z"
  },
  "job_finalize_date": {
    "$date": "2024-09-24T16:24:12.017Z"
  },
  "creation_by": "Administrator",
  "creation_date": {
    "$date": "2024-09-24T15:23:53.964Z"
  },
  "updated_by": "Administrator",
  "updated_date": {
    "$date": "2024-09-24T16:24:12.017Z"
  }
},
{
  "_id": {
    "$oid": "66f2d9bea57d88770025e4c4"
  },
  "case_id": {
    "$oid": "65cdc989fa8c8fdbcefac01e"
  },
  "name": "job-f39365ca-6661-402b-94fe-0d941a2b4162",
  "image": "avibdocker.azurecr.io/uniovi-avib-morphingprojections-job-projection",
  "version": "1.8.0",
  "state": "Succeeded",
  "job_creation_date": {
    "$date": "2024-09-24T15:24:46.524Z"
  },
  "job_finalize_date": {
    "$date": "2024-09-24T16:25:02.008Z"
  },
  "creation_by": "Administrator",
  "creation_date": {
    "$date": "2024-09-24T15:24:46.480Z"
  },
  "updated_by": "Administrator",
  "updated_date": {
    "$date": "2024-09-24T16:25:02.009Z"
  }
},
{
  "_id": {
    "$oid": "66f2e13ba57d88770025e4c5"
  },
  "case_id": {
    "$oid": "6661f0144ae857299432f447"
  },
  "name": "job-6b7f0baf-9345-4a26-ac4a-351cba2a8778",
  "image": "busybox",
  "version": "1.36.1",
  "state": "Succeeded",
  "job_creation_date": {
    "$date": "2024-09-24T15:56:43.607Z"
  },
  "job_finalize_date": {
    "$date": "2024-09-24T16:58:46.079Z"
  },
  "creation_by": "Administrator",
  "creation_date": {
    "$date": "2024-09-24T15:56:43.541Z"
  },
  "updated_by": "Administrator",
  "updated_date": {
    "$date": "2024-09-24T16:58:46.079Z"
  }
},
{
  "_id": {
    "$oid": "66f2e1d0a57d88770025e4c6"
  },
  "case_id": {
    "$oid": "6661f0144ae857299432f447"
  },
  "name": "job-46ab6004-a1cb-4cf7-b3df-2f31d681feb4",
  "image": "avibdocker.azurecr.io/uniovi-avib-morphingprojections-job-projection",
  "version": "1.8.0",
  "state": "Failed",
  "job_creation_date": {
    "$date": "2024-09-24T15:59:12.818Z"
  },
  "job_finalize_date": {
    "$date": "2024-09-24T16:03:03.372Z"
  },
  "creation_by": "Administrator",
  "creation_date": {
    "$date": "2024-09-24T15:59:12.786Z"
  },
  "updated_by": "Administrator",
  "updated_date": {
    "$date": "2024-09-24T16:03:03.372Z"
  }
},
{
  "_id": {
    "$oid": "66f2e2dda57d88770025e4c7"
  },
  "case_id": {
    "$oid": "6661f0144ae857299432f447"
  },
  "name": "job-fee8fd05-2f84-4940-8f59-cc11e4915dca",
  "image": "avibdocker.azurecr.io/uniovi-avib-morphingprojections-job-projection",
  "version": "1.8.0",
  "state": "Failed",
  "job_creation_date": {
    "$date": "2024-09-24T16:03:41.926Z"
  },
  "job_finalize_date": {
    "$date": "2024-09-24T16:19:09.174Z"
  },
  "creation_by": "Administrator",
  "creation_date": {
    "$date": "2024-09-24T16:03:41.867Z"
  },
  "updated_by": "Administrator",
  "updated_date": {
    "$date": "2024-09-24T16:19:09.174Z"
  }
},
{
  "_id": {
    "$oid": "66f2e80fa57d88770025e4c8"
  },
  "case_id": {
    "$oid": "65cdc989fa8c8fdbcefac01e"
  },
  "name": "job-52b96341-0150-447d-a525-5e9808bfc5ac",
  "image": "avibdocker.azurecr.io/uniovi-avib-morphingprojections-job-projection",
  "version": "1.9.0",
  "state": "Succeeded",
  "job_creation_date": {
    "$date": "2024-09-24T16:25:51.875Z"
  },
  "job_finalize_date": {
    "$date": "2024-09-24T17:26:08.089Z"
  },
  "creation_by": "Administrator",
  "creation_date": {
    "$date": "2024-09-24T16:25:51.816Z"
  },
  "updated_by": "Administrator",
  "updated_date": {
    "$date": "2024-09-24T17:26:08.089Z"
  }
},
{
  "_id": {
    "$oid": "66f2e843a57d88770025e4c9"
  },
  "case_id": {
    "$oid": "6661f0144ae857299432f447"
  },
  "name": "job-dfeaa1ae-8655-4ce1-a1c1-576288bf7cab",
  "image": "avibdocker.azurecr.io/uniovi-avib-morphingprojections-job-projection",
  "version": "1.9.0",
  "state": "Failed",
  "job_creation_date": {
    "$date": "2024-09-24T16:26:43.123Z"
  },
  "job_finalize_date": {
    "$date": "2024-09-24T17:53:17.700Z"
  },
  "creation_by": "Administrator",
  "creation_date": {
    "$date": "2024-09-24T16:26:43.089Z"
  },
  "updated_by": "Administrator",
  "updated_date": {
    "$date": "2024-09-24T17:53:17.700Z"
  }
},
{
  "_id": {
    "$oid": "66f3fe2baeb4bc2fbeb41933"
  },
  "case_id": {
    "$oid": "65cdc989fa8c8fdbcefac01e"
  },
  "name": "job-5c8c985e-05f5-455b-98fa-099719937dbe",
  "image": "avibdocker.azurecr.io/uniovi-avib-morphingprojections-job-projection",
  "version": "1.9.0",
  "state": "Succeeded",
  "job_creation_date": {
    "$date": "2024-09-25T12:12:27.584Z"
  },
  "job_finalize_date": {
    "$date": "2024-09-25T13:12:40.017Z"
  },
  "creation_by": "Administrator",
  "creation_date": {
    "$date": "2024-09-25T12:12:27.411Z"
  },
  "updated_by": "Administrator",
  "updated_date": {
    "$date": "2024-09-25T13:12:40.018Z"
  }
},
{
  "_id": {
    "$oid": "66f44412aeb4bc2fbeb41934"
  },
  "case_id": {
    "$oid": "65cdc989fa8c8fdbcefac01e"
  },
  "name": "job-43ad5911-d862-4f50-9fa8-a5ec1fe85547",
  "image": "avibdocker.azurecr.io/uniovi-avib-morphingprojections-job-projection",
  "version": "1.9.0",
  "state": "Succeeded",
  "job_creation_date": {
    "$date": "2024-09-25T17:10:43.020Z"
  },
  "job_finalize_date": {
    "$date": "2024-09-25T18:10:59.017Z"
  },
  "creation_by": "Administrator",
  "creation_date": {
    "$date": "2024-09-25T17:10:42.937Z"
  },
  "updated_by": "Administrator",
  "updated_date": {
    "$date": "2024-09-25T18:10:59.018Z"
  }
},
{
  "_id": {
    "$oid": "66f445d8aeb4bc2fbeb41935"
  },
  "case_id": {
    "$oid": "65cdc989fa8c8fdbcefac01e"
  },
  "name": "job-03344f05-ac0e-4c34-b240-0b14ab569cc8",
  "image": "avibdocker.azurecr.io/uniovi-avib-morphingprojections-job-projection",
  "version": "1.9.0",
  "state": "Succeeded",
  "job_creation_date": {
    "$date": "2024-09-25T17:18:17.036Z"
  },
  "job_finalize_date": {
    "$date": "2024-09-25T18:18:31.014Z"
  },
  "creation_by": "Administrator",
  "creation_date": {
    "$date": "2024-09-25T17:18:16.974Z"
  },
  "updated_by": "Administrator",
  "updated_date": {
    "$date": "2024-09-25T18:18:31.014Z"
  }
},
{
  "_id": {
    "$oid": "670e4a4d4715853a79cba5a7"
  },
  "case_id": {
    "$oid": "65cdc989fa8c8fdbcefac01e"
  },
  "name": "job-4dfbfce0-e284-4b71-8e53-11e82d53c4e7",
  "image": "avibdocker.azurecr.io/uniovi-avib-morphingprojections-job-projection",
  "version": "1.9.0",
  "state": "Failed",
  "job_creation_date": {
    "$date": "2024-10-15T10:56:13.364Z"
  },
  "job_finalize_date": {
    "$date": "2024-10-15T12:11:21.010Z"
  },
  "creation_by": "Administrator",
  "creation_date": {
    "$date": "2024-10-15T10:56:13.084Z"
  },
  "updated_by": "Administrator",
  "updated_date": {
    "$date": "2024-10-15T12:11:21.010Z"
  }
},
{
  "_id": {
    "$oid": "67111e413ccedf7de58d4115"
  },
  "case_id": {
    "$oid": "65cdc989fa8c8fdbcefac01e"
  },
  "name": "job-bcc1af66-3388-41b5-9b91-4bf2c3e5fce7",
  "image": "avibdocker.azurecr.io/uniovi-avib-morphingprojections-job-projection",
  "version": "1.11.0",
  "state": "Failed",
  "job_creation_date": {
    "$date": "2024-10-17T14:25:05.343Z"
  },
  "job_finalize_date": {
    "$date": "2024-10-17T15:35:48.013Z"
  },
  "creation_by": "Administrator",
  "creation_date": {
    "$date": "2024-10-17T14:25:05.013Z"
  },
  "updated_by": "Administrator",
  "updated_date": {
    "$date": "2024-10-17T15:35:48.013Z"
  }
},
{
  "_id": {
    "$oid": "67112b7e3ccedf7de58d4116"
  },
  "case_id": {
    "$oid": "65cdc989fa8c8fdbcefac01e"
  },
  "name": "job-aa8de1cb-f88b-48ac-bb25-511892dec8c0",
  "image": "avibdocker.azurecr.io/uniovi-avib-morphingprojections-job-projection",
  "version": "1.11.0",
  "state": "Succeeded",
  "job_creation_date": {
    "$date": "2024-10-17T15:21:34.180Z"
  },
  "job_finalize_date": {
    "$date": "2024-10-17T16:21:39.018Z"
  },
  "creation_by": "Administrator",
  "creation_date": {
    "$date": "2024-10-17T15:21:34.138Z"
  },
  "updated_by": "Administrator",
  "updated_date": {
    "$date": "2024-10-17T16:21:39.019Z"
  }
},
{
  "_id": {
    "$oid": "671cb3553ccedf7de58d4117"
  },
  "case_id": {
    "$oid": "65cdc989fa8c8fdbcefac01e"
  },
  "name": "job-fabb9ce2-dc95-429a-baa3-8605eab6aef9",
  "image": "avibdocker.azurecr.io/uniovi-avib-morphingprojections-job-projection",
  "version": "1.11.0",
  "state": "Succeeded",
  "job_creation_date": {
    "$date": "2024-10-26T09:16:05.380Z"
  },
  "job_finalize_date": {
    "$date": "2024-10-26T10:16:11.013Z"
  },
  "creation_by": "Administrator",
  "creation_date": {
    "$date": "2024-10-26T09:16:05.351Z"
  },
  "updated_by": "Administrator",
  "updated_date": {
    "$date": "2024-10-26T10:16:11.014Z"
  }
},
{
  "_id": {
    "$oid": "67221f813ccedf7de58d4118"
  },
  "case_id": {
    "$oid": "67221167e46c5559ddb9841a"
  },
  "name": "job-b9aab6e9-6f1d-4127-8498-ebf78106e441",
  "image": "avibdocker.azurecr.io/uniovi-avib-morphingprojections-job-projection",
  "version": "1.11.0",
  "state": "Failed",
  "job_creation_date": {
    "$date": "2024-10-30T11:58:57.568Z"
  },
  "job_finalize_date": {
    "$date": "2024-10-30T13:09:44.010Z"
  },
  "creation_by": "Administrator",
  "creation_date": {
    "$date": "2024-10-30T11:58:57.543Z"
  },
  "updated_by": "Administrator",
  "updated_date": {
    "$date": "2024-10-30T13:09:44.010Z"
  }
},
{
  "_id": {
    "$oid": "67222b0f3ccedf7de58d4119"
  },
  "case_id": {
    "$oid": "67221167e46c5559ddb9841a"
  },
  "name": "job-8be272e5-81f2-48d5-96c0-050bdf3a51d1",
  "image": "avibdocker.azurecr.io/uniovi-avib-morphingprojections-job-projection",
  "version": "1.11.0",
  "state": "Succeeded",
  "job_creation_date": {
    "$date": "2024-10-30T12:48:15.084Z"
  },
  "job_finalize_date": {
    "$date": "2024-10-30T13:48:21.020Z"
  },
  "creation_by": "Administrator",
  "creation_date": {
    "$date": "2024-10-30T12:48:15.055Z"
  },
  "updated_by": "Administrator",
  "updated_date": {
    "$date": "2024-10-30T13:48:21.020Z"
  }
},
{
  "_id": {
    "$oid": "672257643ccedf7de58d411a"
  },
  "case_id": {
    "$oid": "67221167e46c5559ddb9841a"
  },
  "name": "job-1d498710-b7c8-4012-b060-25b1170494c6",
  "image": "avibdocker.azurecr.io/uniovi-avib-morphingprojections-job-projection",
  "version": "1.11.0",
  "state": "Succeeded",
  "job_creation_date": {
    "$date": "2024-10-30T15:57:24.701Z"
  },
  "job_finalize_date": {
    "$date": "2024-10-30T16:57:30.033Z"
  },
  "creation_by": "Administrator",
  "creation_date": {
    "$date": "2024-10-30T15:57:24.683Z"
  },
  "updated_by": "Administrator",
  "updated_date": {
    "$date": "2024-10-30T16:57:30.034Z"
  }
},
{
  "_id": {
    "$oid": "672258133ccedf7de58d411b"
  },
  "case_id": {
    "$oid": "67221167e46c5559ddb9841a"
  },
  "name": "job-2958a3c7-1100-4d5a-b6b0-7c21807b8889",
  "image": "avibdocker.azurecr.io/uniovi-avib-morphingprojections-job-projection",
  "version": "1.11.0",
  "state": "Succeeded",
  "job_creation_date": {
    "$date": "2024-10-30T16:00:19.988Z"
  },
  "job_finalize_date": {
    "$date": "2024-10-30T17:00:26.020Z"
  },
  "creation_by": "Administrator",
  "creation_date": {
    "$date": "2024-10-30T16:00:19.967Z"
  },
  "updated_by": "Administrator",
  "updated_date": {
    "$date": "2024-10-30T17:00:26.020Z"
  }
},
{
  "_id": {
    "$oid": "67225fc93ccedf7de58d411c"
  },
  "case_id": {
    "$oid": "67221167e46c5559ddb9841a"
  },
  "name": "job-a6f7a9c8-ff29-40dd-9eba-92ff914468a1",
  "image": "avibdocker.azurecr.io/uniovi-avib-morphingprojections-job-projection",
  "version": "1.11.0",
  "state": "Succeeded",
  "job_creation_date": {
    "$date": "2024-10-30T16:33:13.748Z"
  },
  "job_finalize_date": {
    "$date": "2024-10-30T17:33:19.006Z"
  },
  "creation_by": "Administrator",
  "creation_date": {
    "$date": "2024-10-30T16:33:13.724Z"
  },
  "updated_by": "Administrator",
  "updated_date": {
    "$date": "2024-10-30T17:33:19.006Z"
  }
},
{
  "_id": {
    "$oid": "672262003ccedf7de58d411d"
  },
  "case_id": {
    "$oid": "67221167e46c5559ddb9841a"
  },
  "name": "job-0cc5ce74-fc80-4bc7-99aa-f373919086f6",
  "image": "avibdocker.azurecr.io/uniovi-avib-morphingprojections-job-projection",
  "version": "1.11.0",
  "state": "Succeeded",
  "job_creation_date": {
    "$date": "2024-10-30T16:42:40.284Z"
  },
  "job_finalize_date": {
    "$date": "2024-10-30T17:42:46.021Z"
  },
  "creation_by": "Administrator",
  "creation_date": {
    "$date": "2024-10-30T16:42:40.265Z"
  },
  "updated_by": "Administrator",
  "updated_date": {
    "$date": "2024-10-30T17:42:46.022Z"
  }
},
{
  "_id": {
    "$oid": "6722636f3ccedf7de58d411e"
  },
  "case_id": {
    "$oid": "67221167e46c5559ddb9841a"
  },
  "name": "job-3923ef60-b484-4d4e-97b3-4b961e0409db",
  "image": "avibdocker.azurecr.io/uniovi-avib-morphingprojections-job-projection",
  "version": "1.11.0",
  "state": "Succeeded",
  "job_creation_date": {
    "$date": "2024-10-30T16:48:47.196Z"
  },
  "job_finalize_date": {
    "$date": "2024-10-30T17:48:52.027Z"
  },
  "creation_by": "Administrator",
  "creation_date": {
    "$date": "2024-10-30T16:48:47.167Z"
  },
  "updated_by": "Administrator",
  "updated_date": {
    "$date": "2024-10-30T17:48:52.027Z"
  }
},
{
  "_id": {
    "$oid": "6722649e3ccedf7de58d411f"
  },
  "case_id": {
    "$oid": "67221167e46c5559ddb9841a"
  },
  "name": "job-a24fc121-0318-4753-aef2-34cbf303c633",
  "image": "avibdocker.azurecr.io/uniovi-avib-morphingprojections-job-projection",
  "version": "1.11.0",
  "state": "Succeeded",
  "job_creation_date": {
    "$date": "2024-10-30T16:53:50.509Z"
  },
  "job_finalize_date": {
    "$date": "2024-10-30T17:53:56.014Z"
  },
  "creation_by": "Administrator",
  "creation_date": {
    "$date": "2024-10-30T16:53:50.490Z"
  },
  "updated_by": "Administrator",
  "updated_date": {
    "$date": "2024-10-30T17:53:56.015Z"
  }
},
{
  "_id": {
    "$oid": "672270033ccedf7de58d4120"
  },
  "case_id": {
    "$oid": "67221167e46c5559ddb9841a"
  },
  "name": "job-36d43e93-b408-4e19-804d-3c399f0751df",
  "image": "avibdocker.azurecr.io/uniovi-avib-morphingprojections-job-projection",
  "version": "1.11.0",
  "state": "Succeeded",
  "job_creation_date": {
    "$date": "2024-10-30T17:42:27.863Z"
  },
  "job_finalize_date": {
    "$date": "2024-10-30T18:42:34.025Z"
  },
  "creation_by": "Administrator",
  "creation_date": {
    "$date": "2024-10-30T17:42:27.836Z"
  },
  "updated_by": "Administrator",
  "updated_date": {
    "$date": "2024-10-30T18:42:34.025Z"
  }
},
{
  "_id": {
    "$oid": "6722713c3ccedf7de58d4121"
  },
  "case_id": {
    "$oid": "67221167e46c5559ddb9841a"
  },
  "name": "job-95b3ead8-7263-4c2c-89a5-dc864cde18f4",
  "image": "avibdocker.azurecr.io/uniovi-avib-morphingprojections-job-projection",
  "version": "1.11.0",
  "state": "Succeeded",
  "job_creation_date": {
    "$date": "2024-10-30T17:47:40.735Z"
  },
  "job_finalize_date": {
    "$date": "2024-10-30T18:47:47.021Z"
  },
  "creation_by": "Administrator",
  "creation_date": {
    "$date": "2024-10-30T17:47:40.648Z"
  },
  "updated_by": "Administrator",
  "updated_date": {
    "$date": "2024-10-30T18:47:47.021Z"
  }
},
{
  "_id": {
    "$oid": "6722723c3ccedf7de58d4122"
  },
  "case_id": {
    "$oid": "67221167e46c5559ddb9841a"
  },
  "name": "job-7e2f37ed-693a-45b0-97d7-6da8aa247cc0",
  "image": "avibdocker.azurecr.io/uniovi-avib-morphingprojections-job-projection",
  "version": "1.11.0",
  "state": "Succeeded",
  "job_creation_date": {
    "$date": "2024-10-30T17:51:56.176Z"
  },
  "job_finalize_date": {
    "$date": "2024-10-30T18:52:02.021Z"
  },
  "creation_by": "Administrator",
  "creation_date": {
    "$date": "2024-10-30T17:51:56.150Z"
  },
  "updated_by": "Administrator",
  "updated_date": {
    "$date": "2024-10-30T18:52:02.022Z"
  }
},
{
  "_id": {
    "$oid": "672273263ccedf7de58d4123"
  },
  "case_id": {
    "$oid": "67221167e46c5559ddb9841a"
  },
  "name": "job-893eaebb-e3d2-49f3-a9c7-66286327763c",
  "image": "avibdocker.azurecr.io/uniovi-avib-morphingprojections-job-projection",
  "version": "1.11.0",
  "state": "Succeeded",
  "job_creation_date": {
    "$date": "2024-10-30T17:55:50.984Z"
  },
  "job_finalize_date": {
    "$date": "2024-10-30T18:55:57.023Z"
  },
  "creation_by": "Administrator",
  "creation_date": {
    "$date": "2024-10-30T17:55:50.965Z"
  },
  "updated_by": "Administrator",
  "updated_date": {
    "$date": "2024-10-30T18:55:57.023Z"
  }
},
{
  "_id": {
    "$oid": "672275ed3ccedf7de58d4124"
  },
  "case_id": {
    "$oid": "67221167e46c5559ddb9841a"
  },
  "name": "job-7d0bb959-6588-4039-8e29-6b66c3c857d3",
  "image": "avibdocker.azurecr.io/uniovi-avib-morphingprojections-job-projection",
  "version": "1.11.0",
  "state": "Succeeded",
  "job_creation_date": {
    "$date": "2024-10-30T18:07:41.753Z"
  },
  "job_finalize_date": {
    "$date": "2024-10-30T19:07:47.019Z"
  },
  "creation_by": "Administrator",
  "creation_date": {
    "$date": "2024-10-30T18:07:41.727Z"
  },
  "updated_by": "Administrator",
  "updated_date": {
    "$date": "2024-10-30T19:07:47.019Z"
  }
},
{
  "_id": {
    "$oid": "6722765e3ccedf7de58d4125"
  },
  "case_id": {
    "$oid": "67221167e46c5559ddb9841a"
  },
  "name": "job-78bec354-a3a6-40cb-95c6-ffc0ae98af9c",
  "image": "avibdocker.azurecr.io/uniovi-avib-morphingprojections-job-projection",
  "version": "1.11.0",
  "state": "Succeeded",
  "job_creation_date": {
    "$date": "2024-10-30T18:09:34.513Z"
  },
  "job_finalize_date": {
    "$date": "2024-10-30T19:09:41.006Z"
  },
  "creation_by": "Administrator",
  "creation_date": {
    "$date": "2024-10-30T18:09:34.488Z"
  },
  "updated_by": "Administrator",
  "updated_date": {
    "$date": "2024-10-30T19:09:41.006Z"
  }
},
{
  "_id": {
    "$oid": "6722771b3ccedf7de58d4126"
  },
  "case_id": {
    "$oid": "67221167e46c5559ddb9841a"
  },
  "name": "job-2474a5c6-7d20-4f36-92b3-a3d15b859fdb",
  "image": "avibdocker.azurecr.io/uniovi-avib-morphingprojections-job-projection",
  "version": "1.11.0",
  "state": "Succeeded",
  "job_creation_date": {
    "$date": "2024-10-30T18:12:43.079Z"
  },
  "job_finalize_date": {
    "$date": "2024-10-30T19:12:49.019Z"
  },
  "creation_by": "Administrator",
  "creation_date": {
    "$date": "2024-10-30T18:12:43.055Z"
  },
  "updated_by": "Administrator",
  "updated_date": {
    "$date": "2024-10-30T19:12:49.019Z"
  }
},
{
  "_id": {
    "$oid": "672277b43ccedf7de58d4127"
  },
  "case_id": {
    "$oid": "67221167e46c5559ddb9841a"
  },
  "name": "job-f056a96a-24c1-47e0-96ea-5b18270eacb0",
  "image": "avibdocker.azurecr.io/uniovi-avib-morphingprojections-job-projection",
  "version": "1.11.0",
  "state": "Succeeded",
  "job_creation_date": {
    "$date": "2024-10-30T18:15:16.558Z"
  },
  "job_finalize_date": {
    "$date": "2024-10-30T19:15:22.009Z"
  },
  "creation_by": "Administrator",
  "creation_date": {
    "$date": "2024-10-30T18:15:16.531Z"
  },
  "updated_by": "Administrator",
  "updated_date": {
    "$date": "2024-10-30T19:15:22.009Z"
  }
},
{
  "_id": {
    "$oid": "67227a213ccedf7de58d4128"
  },
  "case_id": {
    "$oid": "67221167e46c5559ddb9841a"
  },
  "name": "job-05533cda-f575-4c4d-8fff-2453d1db9539",
  "image": "avibdocker.azurecr.io/uniovi-avib-morphingprojections-job-projection",
  "version": "1.11.0",
  "state": "Succeeded",
  "job_creation_date": {
    "$date": "2024-10-30T18:25:37.641Z"
  },
  "job_finalize_date": {
    "$date": "2024-10-30T19:25:44.017Z"
  },
  "creation_by": "Administrator",
  "creation_date": {
    "$date": "2024-10-30T18:25:37.618Z"
  },
  "updated_by": "Administrator",
  "updated_date": {
    "$date": "2024-10-30T19:25:44.017Z"
  }
},
{
  "_id": {
    "$oid": "672283c23ccedf7de58d4129"
  },
  "case_id": {
    "$oid": "67221167e46c5559ddb9841a"
  },
  "name": "job-0b42a384-861f-41ff-8f12-2a5e4cb8c051",
  "image": "avibdocker.azurecr.io/uniovi-avib-morphingprojections-job-projection",
  "version": "1.11.0",
  "state": "Succeeded",
  "job_creation_date": {
    "$date": "2024-10-30T19:06:42.849Z"
  },
  "job_finalize_date": {
    "$date": "2024-10-30T20:06:48.028Z"
  },
  "creation_by": "Administrator",
  "creation_date": {
    "$date": "2024-10-30T19:06:42.810Z"
  },
  "updated_by": "Administrator",
  "updated_date": {
    "$date": "2024-10-30T20:06:48.028Z"
  }
},
{
  "_id": {
    "$oid": "672284763ccedf7de58d412a"
  },
  "case_id": {
    "$oid": "67221167e46c5559ddb9841a"
  },
  "name": "job-5e0f8a1d-4767-46ef-86ce-05b79a8dcaa2",
  "image": "avibdocker.azurecr.io/uniovi-avib-morphingprojections-job-projection",
  "version": "1.11.0",
  "state": "Succeeded",
  "job_creation_date": {
    "$date": "2024-10-30T19:09:42.702Z"
  },
  "job_finalize_date": {
    "$date": "2024-10-30T20:09:48.017Z"
  },
  "creation_by": "Administrator",
  "creation_date": {
    "$date": "2024-10-30T19:09:42.684Z"
  },
  "updated_by": "Administrator",
  "updated_date": {
    "$date": "2024-10-30T20:09:48.017Z"
  }
},
{
  "_id": {
    "$oid": "672367fb3ccedf7de58d412b"
  },
  "case_id": {
    "$oid": "67221167e46c5559ddb9841a"
  },
  "name": "job-aca5bcf1-a9f9-4476-b2db-9fdf2f57993f",
  "image": "avibdocker.azurecr.io/uniovi-avib-morphingprojections-job-projection",
  "version": "1.11.0",
  "state": "Succeeded",
  "job_creation_date": {
    "$date": "2024-10-31T11:20:27.032Z"
  },
  "job_finalize_date": {
    "$date": "2024-10-31T12:20:33.025Z"
  },
  "creation_by": "Administrator",
  "creation_date": {
    "$date": "2024-10-31T11:20:27.003Z"
  },
  "updated_by": "Administrator",
  "updated_date": {
    "$date": "2024-10-31T12:20:33.025Z"
  }
},
{
  "_id": {
    "$oid": "672369743ccedf7de58d412c"
  },
  "case_id": {
    "$oid": "67221167e46c5559ddb9841a"
  },
  "name": "job-bdf1ef1b-bec5-4b1f-b3f4-5792b51828e3",
  "image": "avibdocker.azurecr.io/uniovi-avib-morphingprojections-job-projection",
  "version": "1.11.0",
  "state": "Succeeded",
  "job_creation_date": {
    "$date": "2024-10-31T11:26:44.830Z"
  },
  "job_finalize_date": {
    "$date": "2024-10-31T12:26:51.010Z"
  },
  "creation_by": "Administrator",
  "creation_date": {
    "$date": "2024-10-31T11:26:44.802Z"
  },
  "updated_by": "Administrator",
  "updated_date": {
    "$date": "2024-10-31T12:26:51.010Z"
  }
},
{
  "_id": {
    "$oid": "67236a8d3ccedf7de58d412d"
  },
  "case_id": {
    "$oid": "67221167e46c5559ddb9841a"
  },
  "name": "job-ca5d0d86-aab5-4d89-b715-045ddfa89e08",
  "image": "avibdocker.azurecr.io/uniovi-avib-morphingprojections-job-projection",
  "version": "1.11.0",
  "state": "Succeeded",
  "job_creation_date": {
    "$date": "2024-10-31T11:31:25.499Z"
  },
  "job_finalize_date": {
    "$date": "2024-10-31T12:31:31.021Z"
  },
  "creation_by": "Administrator",
  "creation_date": {
    "$date": "2024-10-31T11:31:25.481Z"
  },
  "updated_by": "Administrator",
  "updated_date": {
    "$date": "2024-10-31T12:31:31.021Z"
  }
},
{
  "_id": {
    "$oid": "673766133ccedf7de58d412e"
  },
  "case_id": {
    "$oid": "65cdc989fa8c8fdbcefac01e"
  },
  "name": "job-bb6fdde1-6953-4508-b6a9-8836e96d41c6",
  "image": "avibdocker.azurecr.io/uniovi-avib-morphingprojections-job-projection",
  "version": "1.11.0",
  "state": "Succeeded",
  "job_creation_date": {
    "$date": "2024-11-15T15:17:39.485Z"
  },
  "job_finalize_date": {
    "$date": "2024-11-15T16:17:45.014Z"
  },
  "creation_by": "Administrator",
  "creation_date": {
    "$date": "2024-11-15T15:17:39.456Z"
  },
  "updated_by": "Administrator",
  "updated_date": {
    "$date": "2024-11-15T16:17:45.014Z"
  }
},
{
  "_id": {
    "$oid": "673766553ccedf7de58d412f"
  },
  "case_id": {
    "$oid": "65cdc989fa8c8fdbcefac01e"
  },
  "name": "job-28cb0e12-8c85-4b6c-98ec-ac1bbf9f8be8",
  "image": "avibdocker.azurecr.io/uniovi-avib-morphingprojections-job-projection",
  "version": "1.11.0",
  "state": "Succeeded",
  "job_creation_date": {
    "$date": "2024-11-15T15:18:46.037Z"
  },
  "job_finalize_date": {
    "$date": "2024-11-15T16:18:51.007Z"
  },
  "creation_by": "Administrator",
  "creation_date": {
    "$date": "2024-11-15T15:18:45.970Z"
  },
  "updated_by": "Administrator",
  "updated_date": {
    "$date": "2024-11-15T16:18:51.007Z"
  }
},
{
  "_id": {
    "$oid": "673b8f353ccedf7de58d4130"
  },
  "case_id": {
    "$oid": "66085488056b08fae55840e5"
  },
  "name": "job-7ae1a044-d9e6-4139-aa04-211062e81133",
  "image": "avibdocker.azurecr.io/uniovi-avib-morphingprojections-job-projection",
  "version": "1.11.0",
  "state": "Succeeded",
  "job_creation_date": {
    "$date": "2024-11-18T19:02:13.638Z"
  },
  "job_finalize_date": {
    "$date": "2024-11-18T20:04:32.010Z"
  },
  "creation_by": "Administrator",
  "creation_date": {
    "$date": "2024-11-18T19:02:13.612Z"
  },
  "updated_by": "Administrator",
  "updated_date": {
    "$date": "2024-11-18T20:04:32.010Z"
  }
},
{
  "_id": {
    "$oid": "673cd7883ccedf7de58d4131"
  },
  "case_id": {
    "$oid": "673cca25b9733f6079591418"
  },
  "name": "job-83c0f04d-1b2a-40b6-982b-21360c15c604",
  "image": "avibdocker.azurecr.io/uniovi-avib-morphingprojections-job-projection",
  "version": "1.11.0",
  "state": "Succeeded",
  "job_creation_date": {
    "$date": "2024-11-19T18:23:04.240Z"
  },
  "job_finalize_date": {
    "$date": "2024-11-19T19:23:47.010Z"
  },
  "creation_by": "Administrator",
  "creation_date": {
    "$date": "2024-11-19T18:23:04.214Z"
  },
  "updated_by": "Administrator",
  "updated_date": {
    "$date": "2024-11-19T19:23:47.010Z"
  }
},
{
  "_id": {
    "$oid": "675867057caf8660fa7b9329"
  },
  "case_id": {
    "$oid": "65cdc989fa8c8fdbcefac01e"
  },
  "name": "job-46aa9473-c034-4d89-8e3f-438274334a53",
  "image": "gsdpi/morphingprojections-job-projection",
  "version": "1.1.0",
  "state": "Succeeded",
  "job_creation_date": {
    "$date": "2024-12-10T16:06:29.712Z"
  },
  "job_finalize_date": {
    "$date": "2024-12-10T17:06:46.030Z"
  },
  "creation_by": "Administrator",
  "creation_date": {
    "$date": "2024-12-10T16:06:29.486Z"
  },
  "updated_by": "Administrator",
  "updated_date": {
    "$date": "2024-12-10T17:06:46.030Z"
  }
},
{
  "_id": {
    "$oid": "675875a27caf8660fa7b932a"
  },
  "case_id": {
    "$oid": "66e7f1a2cca6ec0705f71fbf"
  },
  "name": "job-b7743dcb-d2e8-421f-9366-f812017fb031",
  "image": "gsdpi/morphingprojections-job-converter",
  "version": "1.2.0",
  "state": "Succeeded",
  "job_creation_date": {
    "$date": "2024-12-10T17:08:50.710Z"
  },
  "job_finalize_date": {
    "$date": "2024-12-10T18:09:05.010Z"
  },
  "creation_by": "Administrator",
  "creation_date": {
    "$date": "2024-12-10T17:08:50.676Z"
  },
  "updated_by": "Administrator",
  "updated_date": {
    "$date": "2024-12-10T18:09:05.010Z"
  }
},
{
  "_id": {
    "$oid": "675876ef7caf8660fa7b932b"
  },
  "case_id": {
    "$oid": "65cdc989fa8c8fdbcefac01e"
  },
  "name": "job-77ffc060-105f-4bd9-bef7-63a3c1ef150d",
  "image": "gsdpi/morphingprojections-job-converter",
  "version": "1.2.0",
  "state": "Succeeded",
  "job_creation_date": {
    "$date": "2024-12-10T17:14:23.826Z"
  },
  "job_finalize_date": {
    "$date": "2024-12-10T18:14:27.013Z"
  },
  "creation_by": "Administrator",
  "creation_date": {
    "$date": "2024-12-10T17:14:23.798Z"
  },
  "updated_by": "Administrator",
  "updated_date": {
    "$date": "2024-12-10T18:14:27.013Z"
  }
},
{
  "_id": {
    "$oid": "6758772b7caf8660fa7b932c"
  },
  "case_id": {
    "$oid": "6661f0144ae857299432f447"
  },
  "name": "job-f4ed91d9-9496-41cd-8930-89e5eb3512c8",
  "image": "gsdpi/morphingprojections-job-converter",
  "version": "1.2.0",
  "state": "Succeeded",
  "job_creation_date": {
    "$date": "2024-12-10T17:15:23.192Z"
  },
  "job_finalize_date": {
    "$date": "2024-12-10T18:15:27.010Z"
  },
  "creation_by": "Administrator",
  "creation_date": {
    "$date": "2024-12-10T17:15:23.167Z"
  },
  "updated_by": "Administrator",
  "updated_date": {
    "$date": "2024-12-10T18:15:27.011Z"
  }
},
{
  "_id": {
    "$oid": "6758779a7caf8660fa7b932d"
  },
  "case_id": {
    "$oid": "6661f0144ae857299432f447"
  },
  "name": "job-d4a98a71-ef78-419b-946c-c44bc5ceed2a",
  "image": "gsdpi/morphingprojections-job-converter",
  "version": "1.2.0",
  "state": "Succeeded",
  "job_creation_date": {
    "$date": "2024-12-10T17:17:15.002Z"
  },
  "job_finalize_date": {
    "$date": "2024-12-10T18:17:19.016Z"
  },
  "creation_by": "Administrator",
  "creation_date": {
    "$date": "2024-12-10T17:17:14.975Z"
  },
  "updated_by": "Administrator",
  "updated_date": {
    "$date": "2024-12-10T18:17:19.016Z"
  }
},
{
  "_id": {
    "$oid": "675877f87caf8660fa7b932e"
  },
  "case_id": {
    "$oid": "67221167e46c5559ddb9841a"
  },
  "name": "job-9e246983-8c32-4ce4-9dde-f83f9884cc91",
  "image": "gsdpi/morphingprojections-job-converter",
  "version": "1.2.0",
  "state": "Succeeded",
  "job_creation_date": {
    "$date": "2024-12-10T17:18:48.749Z"
  },
  "job_finalize_date": {
    "$date": "2024-12-10T18:18:53.009Z"
  },
  "creation_by": "Administrator",
  "creation_date": {
    "$date": "2024-12-10T17:18:48.721Z"
  },
  "updated_by": "Administrator",
  "updated_date": {
    "$date": "2024-12-10T18:18:53.009Z"
  }
},
{
  "_id": {
    "$oid": "675879477caf8660fa7b932f"
  },
  "case_id": {
    "$oid": "66e7f1a2cca6ec0705f71fbf"
  },
  "name": "job-89becdda-874c-4199-a222-88691a10f484",
  "image": "gsdpi/morphingprojections-job-converter",
  "version": "1.2.0",
  "state": "Succeeded",
  "job_creation_date": {
    "$date": "2024-12-10T17:24:23.872Z"
  },
  "job_finalize_date": {
    "$date": "2024-12-10T18:24:27.007Z"
  },
  "creation_by": "Administrator",
  "creation_date": {
    "$date": "2024-12-10T17:24:23.848Z"
  },
  "updated_by": "Administrator",
  "updated_date": {
    "$date": "2024-12-10T18:24:27.007Z"
  }
},
{
  "_id": {
    "$oid": "6759431b7caf8660fa7b9330"
  },
  "case_id": {
    "$oid": "65cdc989fa8c8fdbcefac01e"
  },
  "name": "job-5d930632-b5aa-4c3b-bf60-efc6fd16128f",
  "image": "gsdpi/morphingprojections-job-projection",
  "version": "1.1.0",
  "state": "Succeeded",
  "job_creation_date": {
    "$date": "2024-12-11T07:45:31.183Z"
  },
  "job_finalize_date": {
    "$date": "2024-12-11T08:45:36.056Z"
  },
  "creation_by": "Administrator",
  "creation_date": {
    "$date": "2024-12-11T07:45:31.141Z"
  },
  "updated_by": "Administrator",
  "updated_date": {
    "$date": "2024-12-11T08:45:36.056Z"
  }
},
{
  "_id": {
    "$oid": "675959ef7caf8660fa7b9331"
  },
  "case_id": {
    "$oid": "66e7f1a2cca6ec0705f71fbf"
  },
  "name": "job-d82b32b5-05ca-4ab3-a052-70098ce38c5e",
  "image": "gsdpi/morphingprojections-job-converter",
  "version": "1.2.0",
  "state": "Succeeded",
  "job_creation_date": {
    "$date": "2024-12-11T09:22:55.327Z"
  },
  "job_finalize_date": {
    "$date": "2024-12-11T10:22:59.011Z"
  },
  "creation_by": "Administrator",
  "creation_date": {
    "$date": "2024-12-11T09:22:55.296Z"
  },
  "updated_by": "Administrator",
  "updated_date": {
    "$date": "2024-12-11T10:22:59.011Z"
  }
},
{
  "_id": {
    "$oid": "67595a347caf8660fa7b9332"
  },
  "case_id": {
    "$oid": "66e7f1a2cca6ec0705f71fbf"
  },
  "name": "job-6a99cd09-2d9b-4fe0-bb65-cd6f91a1dc1e",
  "image": "gsdpi/morphingprojections-job-converter",
  "version": "1.2.0",
  "state": "Succeeded",
  "job_creation_date": {
    "$date": "2024-12-11T09:24:04.475Z"
  },
  "job_finalize_date": {
    "$date": "2024-12-11T10:24:08.008Z"
  },
  "creation_by": "Administrator",
  "creation_date": {
    "$date": "2024-12-11T09:24:04.460Z"
  },
  "updated_by": "Administrator",
  "updated_date": {
    "$date": "2024-12-11T10:24:08.008Z"
  }
},
{
  "_id": {
    "$oid": "6761650e7caf8660fa7b9333"
  },
  "case_id": {
    "$oid": "673cca25b9733f6079591418"
  },
  "name": "job-99acb26f-1342-443f-ba00-0426cf8aa962",
  "image": "gsdpi/morphingprojections-job-projection",
  "version": "1.1.0",
  "state": "Succeeded",
  "job_creation_date": {
    "$date": "2024-12-17T11:48:30.746Z"
  },
  "job_finalize_date": {
    "$date": "2024-12-17T12:49:11.023Z"
  },
  "creation_by": "Administrator",
  "creation_date": {
    "$date": "2024-12-17T11:48:30.719Z"
  },
  "updated_by": "Administrator",
  "updated_date": {
    "$date": "2024-12-17T12:49:11.023Z"
  }
},
{
  "_id": {
    "$oid": "67616fc47caf8660fa7b9334"
  },
  "case_id": {
    "$oid": "6661f0144ae857299432f447"
  },
  "name": "job-9b724317-294a-41de-af03-49c73971f1b1",
  "image": "gsdpi/morphingprojections-job-projection",
  "version": "1.1.0",
  "state": "Succeeded",
  "job_creation_date": {
    "$date": "2024-12-17T12:34:12.777Z"
  },
  "job_finalize_date": {
    "$date": "2024-12-17T13:37:58.064Z"
  },
  "creation_by": "Administrator",
  "creation_date": {
    "$date": "2024-12-17T12:34:12.707Z"
  },
  "updated_by": "Administrator",
  "updated_date": {
    "$date": "2024-12-17T13:37:58.064Z"
  }
}]