[{
  "_id": {
    "$oid": "65cd02d9e6ba3947be825ac8"
  },
  "name": "Health Area",
  "description": "National Cancer Institute (HIH). Center for Cancer Genomics",
  "organization_id": {
    "$oid": "65cd021098d02623c46da92d"
  },
  "updated_by": "Administrator",
  "updated_date": {
    "$date": "2024-09-13T18:06:20.838Z"
  }
},
{
  "_id": {
    "$oid": "65cd05c798d02623c46da92e"
  },
  "organization_id": {
    "$oid": "65cd021098d02623c46da92d"
  },
  "name": "Industrial Area",
  "description": "León Electrical Consumption",
  "creation_date": {
    "$date": "2024-02-13T23:00:00.000Z"
  },
  "creation_by": "Administrator"
},
{
  "_id": {
    "$oid": "65d38ee524c2205890450df7"
  },
  "organization_id": {
    "$oid": "65d38ea124c2205890450df6"
  },
  "name": "Health Area",
  "description": "National Cancer Institute (HIH). Center for Cancer Genomics)",
  "creation_date": {
    "$date": "2024-02-13T23:00:00.000Z"
  },
  "creation_by": "Administrator"
},
{
  "_id": {
    "$oid": "66e7f195cca6ec0705f71fbe"
  },
  "name": "my-project",
  "description": "My Project",
  "organization_id": {
    "$oid": "66e43cd0d8ef6b3a49002f89"
  },
  "creation_by": "Administrator",
  "creation_date": {
    "$date": "2024-09-16T08:51:33.897Z"
  },
  "updated_by": "Administrator",
  "updated_date": {
    "$date": "2024-09-16T08:51:33.897Z"
  }
}]