[{
  "_id": {
    "$oid": "66e44294647bf96a2977ca33"
  },
  "organization_id": {
    "$oid": "65cd021098d02623c46da92d"
  },
  "name": "busybox",
  "description": "Test Docker Image",
  "image": "busybox",
  "version": "1.36.1",
  "environment": "avib",
  "command": "for i in $(seq 120); do echo \\\"Welcome $i times\\\"; sleep 1; done",
  "updated_by": "Administrator",
  "updated_date": {
    "$date": "2024-09-17T14:56:44.551Z"
  }
},
{
  "_id": {
    "$oid": "66e4436d38cd2dfe3061f562"
  },
  "organization_id": {
    "$oid": "65d38ea124c2205890450df6"
  },
  "name": "busybox",
  "description": "Test Docker Image",
  "image": "busybox",
  "version": "1.36.1",
  "environment": "avib",
  "creation_date": {
    "$date": "2024-02-13T23:00:00.000Z"
  },
  "creation_by": "Administrator",
  "command": "for i in $(seq 120); do echo \\\"Welcome $i times\\\"; sleep 1; done"
},
{
  "_id": {
    "$oid": "66e4437938cd2dfe3061f563"
  },
  "organization_id": {
    "$oid": "66e43cd0d8ef6b3a49002f89"
  },
  "name": "busybox",
  "description": "Test Docker Image",
  "image": "busybox",
  "version": "1.36.1",
  "creation_date": {
    "$date": "2024-02-13T23:00:00.000Z"
  },
  "creation_by": "Administrator",
  "command": "for i in $(seq 120); do echo \\\"Welcome $i times\\\"; sleep 1; done",
  "environment": "avib"
},
{
  "_id": {
    "$oid": "66e998621b1c0341533540f3"
  },
  "organization_id": {
    "$oid": "65cd021098d02623c46da92d"
  },
  "name": "tsne",
  "description": "tSNE Projection Image",
  "image": "gsdpi/morphingprojections-job-projection",
  "version": "1.1.0",
  "environment": "avib",
  "command": "python src/morphingprojections_job_projection/service.py --case-id ${case_id} --space ${space}",
  "parameters": [
    "case_id",
    "space"
  ],
  "updated_by": "Administrator",
  "updated_date": {
    "$date": "2024-12-10T16:05:51.264Z"
  }
}]