[{
  "_id": {
    "$oid": "66e449fad8ef6b3a49002f8d"
  },
  "case_id": {
    "$oid": "65cdc989fa8c8fdbcefac01e"
  },
  "bucket": "65cd021098d02623c46da92d",
  "file": "65cd05c798d02623c46da92e/65cdc989fa8c8fdbcefac01e/datamatrix.csv",
  "description": "Sample Case Datamatrix",
  "type": "datamatrix",
  "creation_by": "Administrator",
  "creation_date": {
    "$date": "2024-09-13T14:19:38.603Z"
  },
  "updated_by": "Administrator",
  "updated_date": {
    "$date": "2024-12-10T17:14:23.762Z"
  }
},
{
  "_id": {
    "$oid": "66e44a2bd8ef6b3a49002f8e"
  },
  "case_id": {
    "$oid": "65cdc989fa8c8fdbcefac01e"
  },
  "bucket": "65cd021098d02623c46da92d",
  "file": "65cd05c798d02623c46da92e/65cdc989fa8c8fdbcefac01e/sample_annotation.csv",
  "description": "Sample Case Sample Annotations",
  "type": "sample_annotation",
  "creation_by": "Administrator",
  "creation_date": {
    "$date": "2024-09-13T14:20:27.352Z"
  },
  "updated_by": "Administrator",
  "updated_date": {
    "$date": "2024-09-13T14:20:27.352Z"
  }
},
{
  "_id": {
    "$oid": "66e44b08d8ef6b3a49002f90"
  },
  "case_id": {
    "$oid": "6661f0144ae857299432f447"
  },
  "bucket": "65cd021098d02623c46da92d",
  "file": "65cd05c798d02623c46da92e/6661f0144ae857299432f447/datamatrix.csv",
  "description": "Leon Hospital Case Datamatrix",
  "type": "datamatrix",
  "creation_by": "Administrator",
  "creation_date": {
    "$date": "2024-09-13T14:24:08.510Z"
  },
  "updated_by": "Administrator",
  "updated_date": {
    "$date": "2024-12-10T17:17:14.383Z"
  }
},
{
  "_id": {
    "$oid": "66e44b1dd8ef6b3a49002f91"
  },
  "case_id": {
    "$oid": "6661f0144ae857299432f447"
  },
  "bucket": "65cd021098d02623c46da92d",
  "file": "65cd05c798d02623c46da92e/6661f0144ae857299432f447/sample_annotation.csv",
  "description": "Leon Hospital Case Sample Annotations",
  "type": "sample_annotation",
  "creation_by": "Administrator",
  "creation_date": {
    "$date": "2024-09-13T14:24:29.684Z"
  },
  "updated_by": "Administrator",
  "updated_date": {
    "$date": "2024-09-13T14:24:29.684Z"
  }
},
{
  "_id": {
    "$oid": "66e44c22d8ef6b3a49002f92"
  },
  "case_id": {
    "$oid": "66085488056b08fae55840e5"
  },
  "bucket": "65cd021098d02623c46da92d",
  "file": "65cd02d9e6ba3947be825ac8/66085488056b08fae55840e5/sample_annotation.csv",
  "description": "TCGA Genomics Case Sample Annotations",
  "type": "sample_annotation",
  "creation_by": "Administrator",
  "creation_date": {
    "$date": "2024-09-13T14:28:50.779Z"
  },
  "updated_by": "Administrator",
  "updated_date": {
    "$date": "2024-09-13T14:28:50.779Z"
  }
},
{
  "_id": {
    "$oid": "66e44c3bd8ef6b3a49002f93"
  },
  "case_id": {
    "$oid": "66085488056b08fae55840e5"
  },
  "bucket": "65cd021098d02623c46da92d",
  "file": "65cd02d9e6ba3947be825ac8/66085488056b08fae55840e5/attribute_annotation.csv",
  "description": "Sample Case Attribute Annotations",
  "type": "attribute_annotation",
  "creation_by": "Administrator",
  "creation_date": {
    "$date": "2024-09-13T14:29:15.221Z"
  },
  "updated_by": "Administrator",
  "updated_date": {
    "$date": "2024-09-24T10:44:05.374Z"
  }
},
{
  "_id": {
    "$oid": "66e455f638cd2dfe3061f564"
  },
  "case_id": {
    "$oid": "66085488056b08fae55840e5"
  },
  "bucket": "65cd021098d02623c46da92d",
  "file": "65cd02d9e6ba3947be825ac8/66085488056b08fae55840e5/datamatrix.csv",
  "description": "TCGA Genomics Case Datamatrix",
  "type": "datamatrix",
  "creation_by": "Administrator",
  "creation_date": {
    "$date": "2024-09-13T14:29:15.221Z"
  },
  "updated_by": "Administrator",
  "updated_date": {
    "$date": "2024-09-13T14:29:15.221Z"
  }
},
{
  "_id": {
    "$oid": "66f29d53d0aa861a22e3f5b7"
  },
  "case_id": {
    "$oid": "65cdc989fa8c8fdbcefac01e"
  },
  "bucket": "65cd021098d02623c46da92d",
  "file": "65cd05c798d02623c46da92e/65cdc989fa8c8fdbcefac01e/attribute_annotation.csv",
  "description": "Sample Case Attribute Annotations",
  "type": "attribute_annotation",
  "creation_by": "Administrator",
  "creation_date": {
    "$date": "2024-09-24T11:06:59.665Z"
  },
  "updated_by": "Administrator",
  "updated_date": {
    "$date": "2024-09-24T11:06:59.665Z"
  }
},
{
  "_id": {
    "$oid": "66f29d64d0aa861a22e3f5b8"
  },
  "case_id": {
    "$oid": "65cdc989fa8c8fdbcefac01e"
  },
  "bucket": "65cd021098d02623c46da92d",
  "file": "65cd05c798d02623c46da92e/65cdc989fa8c8fdbcefac01e/sample_precalculated_annotation.csv",
  "description": "Sample Case Precalculated Sample Annotations",
  "type": "sample_precalculated_annotation",
  "creation_by": "Administrator",
  "creation_date": {
    "$date": "2024-09-24T11:07:16.126Z"
  },
  "updated_by": "Administrator",
  "updated_date": {
    "$date": "2024-09-24T11:07:16.126Z"
  }
},
{
  "_id": {
    "$oid": "66f29de0d0aa861a22e3f5b9"
  },
  "case_id": {
    "$oid": "65cdc989fa8c8fdbcefac01e"
  },
  "bucket": "65cd021098d02623c46da92d",
  "file": "65cd05c798d02623c46da92e/65cdc989fa8c8fdbcefac01e/attribute_precalculated_annotation.csv",
  "description": "Attribute Case Precalculated Sample Annotations",
  "type": "attribute_precalculated_annotation",
  "creation_by": "Administrator",
  "creation_date": {
    "$date": "2024-09-24T11:09:20.346Z"
  },
  "updated_by": "Administrator",
  "updated_date": {
    "$date": "2024-11-20T16:57:30.338Z"
  }
},
{
  "_id": {
    "$oid": "66f2d9cafbb98566efea6ba4"
  },
  "case_id": {
    "$oid": "65cdc989fa8c8fdbcefac01e"
  },
  "bucket": "65cd021098d02623c46da92d",
  "file": "65cd05c798d02623c46da92e/65cdc989fa8c8fdbcefac01e/primal_projection.csv",
  "type": "primal_projection",
  "description": "A Sample Dataset Primal Projection",
  "creation_by": "Administrator",
  "creation_date": {
    "$date": "2024-09-24T15:24:58.188Z"
  },
  "updated_by": "Administrator",
  "updated_date": {
    "$date": "2024-12-11T07:45:33.714Z"
  }
},
{
  "_id": {
    "$oid": "66f2d9cbfbb98566efea6ba5"
  },
  "case_id": {
    "$oid": "65cdc989fa8c8fdbcefac01e"
  },
  "bucket": "65cd021098d02623c46da92d",
  "file": "65cd05c798d02623c46da92e/65cdc989fa8c8fdbcefac01e/dual_projection.csv",
  "type": "dual_projection",
  "description": "A Sample Dataset Dual Projection",
  "creation_by": "Administrator",
  "creation_date": {
    "$date": "2024-09-24T15:24:59.086Z"
  },
  "updated_by": "Administrator",
  "updated_date": {
    "$date": "2024-09-24T16:26:04.888Z"
  }
},
{
  "_id": {
    "$oid": "66f2eefe67ff2511892c3b5c"
  },
  "case_id": {
    "$oid": "6661f0144ae857299432f447"
  },
  "bucket": "65cd021098d02623c46da92d",
  "file": "65cd05c798d02623c46da92e/6661f0144ae857299432f447/primal_projection.csv",
  "type": "primal_projection",
  "description": "León Hospital Electrical Consumption Primal Projection",
  "creation_by": "Administrator",
  "creation_date": {
    "$date": "2024-09-24T16:55:26.954Z"
  },
  "updated_by": "Administrator",
  "updated_date": {
    "$date": "2024-12-17T12:37:54.812Z"
  }
},
{
  "_id": {
    "$oid": "67221905e46c5559ddb9841d"
  },
  "case_id": {
    "$oid": "67221167e46c5559ddb9841a"
  },
  "bucket": "65cd021098d02623c46da92d",
  "file": "65cd05c798d02623c46da92e/67221167e46c5559ddb9841a/datamatrix.csv",
  "description": "2024-10-30",
  "type": "datamatrix",
  "creation_by": "Administrator",
  "creation_date": {
    "$date": "2024-10-30T11:31:17.792Z"
  },
  "updated_by": "Administrator",
  "updated_date": {
    "$date": "2024-12-10T17:18:47.877Z"
  }
},
{
  "_id": {
    "$oid": "67221b83e46c5559ddb98420"
  },
  "case_id": {
    "$oid": "67221167e46c5559ddb9841a"
  },
  "bucket": "65cd021098d02623c46da92d",
  "file": "65cd05c798d02623c46da92e/67221167e46c5559ddb9841a/sample_annotations.csv",
  "description": "2024-10-30",
  "type": "sample_annotation",
  "creation_by": "Administrator",
  "creation_date": {
    "$date": "2024-10-30T11:41:55.091Z"
  },
  "updated_by": "Administrator",
  "updated_date": {
    "$date": "2024-10-30T11:41:55.091Z"
  }
},
{
  "_id": {
    "$oid": "67236a80e46c5559ddb98430"
  },
  "case_id": {
    "$oid": "67221167e46c5559ddb9841a"
  },
  "bucket": "65cd021098d02623c46da92d",
  "file": "65cd05c798d02623c46da92e/67221167e46c5559ddb9841a/primal.csv",
  "description": "asdfaf",
  "type": "sample_precalculated_annotation",
  "creation_by": "Administrator",
  "creation_date": {
    "$date": "2024-10-31T11:31:12.558Z"
  },
  "updated_by": "Administrator",
  "updated_date": {
    "$date": "2024-10-31T11:31:12.558Z"
  }
},
{
  "_id": {
    "$oid": "67236a8fea0bbccdf76ebc57"
  },
  "case_id": {
    "$oid": "67221167e46c5559ddb9841a"
  },
  "bucket": "65cd021098d02623c46da92d",
  "file": "65cd05c798d02623c46da92e/67221167e46c5559ddb9841a/primal_projection.csv",
  "type": "primal_projection",
  "description": "Datos de armónicos sin normalizar Primal Projection",
  "creation_by": "Administrator",
  "creation_date": {
    "$date": "2024-10-31T11:31:27.861Z"
  }
},
{
  "_id": {
    "$oid": "673b8fbdc3926e6d22994c91"
  },
  "case_id": {
    "$oid": "66085488056b08fae55840e5"
  },
  "bucket": "65cd021098d02623c46da92d",
  "file": "65cd02d9e6ba3947be825ac8/66085488056b08fae55840e5/primal_projection.csv",
  "type": "primal_projection",
  "description": "The Cancer Genome Atlas Program Genomics Primal Projection",
  "creation_by": "Administrator",
  "creation_date": {
    "$date": "2024-11-18T19:04:29.350Z"
  }
},
{
  "_id": {
    "$oid": "673ccdccc96120e5740fde9e"
  },
  "case_id": {
    "$oid": "673cca25b9733f6079591418"
  },
  "bucket": "65cd021098d02623c46da92d",
  "file": "65cd02d9e6ba3947be825ac8/673cca25b9733f6079591418/attribute_annotation.csv",
  "description": "Sample Case Attribute Annotations",
  "type": "attribute_annotation",
  "creation_by": "Administrator",
  "creation_date": {
    "$date": "2024-09-13T14:29:15.221Z"
  },
  "updated_by": "Administrator",
  "updated_date": {
    "$date": "2024-09-24T10:44:05.374Z"
  }
},
{
  "_id": {
    "$oid": "673ccde6c96120e5740fdea0"
  },
  "case_id": {
    "$oid": "673cca25b9733f6079591418"
  },
  "bucket": "65cd021098d02623c46da92d",
  "file": "65cd02d9e6ba3947be825ac8/673cca25b9733f6079591418/datamatrix.csv",
  "description": "TCGA Genomics Case Datamatrix",
  "type": "datamatrix",
  "creation_by": "Administrator",
  "creation_date": {
    "$date": "2024-09-13T14:29:15.221Z"
  },
  "updated_by": "Administrator",
  "updated_date": {
    "$date": "2024-09-13T14:29:15.221Z"
  }
},
{
  "_id": {
    "$oid": "673ccdf7c96120e5740fdea2"
  },
  "case_id": {
    "$oid": "673cca25b9733f6079591418"
  },
  "bucket": "65cd021098d02623c46da92d",
  "file": "65cd02d9e6ba3947be825ac8/673cca25b9733f6079591418/sample_precalculated_annotation.csv",
  "description": "Genomic Case Precalculated Sample Annotations",
  "type": "sample_precalculated_annotation",
  "creation_by": "Administrator",
  "creation_date": {
    "$date": "2024-11-18T19:01:28.011Z"
  },
  "updated_by": "Administrator",
  "updated_date": {
    "$date": "2024-11-18T19:01:28.011Z"
  }
},
{
  "_id": {
    "$oid": "673cd7af7997729ca950eb05"
  },
  "case_id": {
    "$oid": "673cca25b9733f6079591418"
  },
  "bucket": "65cd021098d02623c46da92d",
  "file": "65cd02d9e6ba3947be825ac8/673cca25b9733f6079591418/primal_projection.csv",
  "type": "primal_projection",
  "description": "The Cancer Genome Atlas Program Genomics projected with precalculated data: t-SNE and UMAP Primal Projection",
  "creation_by": "Administrator",
  "creation_date": {
    "$date": "2024-11-19T18:23:43.739Z"
  },
  "updated_by": "Administrator",
  "updated_date": {
    "$date": "2024-12-17T11:49:08.804Z"
  }
},
{
  "_id": {
    "$oid": "675875a21adf7b011996fa80"
  },
  "case_id": {
    "$oid": "66e7f1a2cca6ec0705f71fbf"
  },
  "bucket": "66e43cd0d8ef6b3a49002f89",
  "file": "66e7f195cca6ec0705f71fbe/66e7f1a2cca6ec0705f71fbf/datamatrix.csv",
  "description": "ppp",
  "type": "datamatrix",
  "creation_by": "Administrator",
  "creation_date": {
    "$date": "2024-12-10T17:08:50.606Z"
  },
  "updated_by": "Administrator",
  "updated_date": {
    "$date": "2024-12-11T09:24:04.442Z"
  }
},
{
  "_id": {
    "$oid": "676162611ef30c627706b79b"
  },
  "case_id": {
    "$oid": "673cca25b9733f6079591418"
  },
  "bucket": "65cd021098d02623c46da92d",
  "file": "65cd02d9e6ba3947be825ac8/673cca25b9733f6079591418/sample_annotations.csv",
  "description": "clinical data",
  "type": "sample_annotation",
  "creation_by": "Administrator",
  "creation_date": {
    "$date": "2024-12-17T11:37:05.152Z"
  },
  "updated_by": "Administrator",
  "updated_date": {
    "$date": "2024-12-17T11:37:05.152Z"
  }
}]